timestamp,speed,peak,min,std,gyro,event
1774554358971,0.0,10.549332,-0.77779496,2.717283,0.93224555,HARSH_ACCELERATION
1774554359984,0.0,9.443543,-0.27591106,3.4314592,0.8090306,NORMAL
1774554361000,0.0,0.26368728,-10.783192,1.4813908,0.29632863,NORMAL
1774554362002,0.0,8.894214,-5.159766,3.507025,0.68926865,HARSH_ACCELERATION
1774554433492,0.0,4.68,-6.4619718,2.0985384,1.8729223,NORMAL
1774554434505,0.0,8.944496,-3.28941,3.262172,1.5499191,HARSH_ACCELERATION
1774554487757,0.0,8.806667,-8.208128,3.1137536,2.3612802,HARSH_ACCELERATION
1774554488763,0.0,9.532674,-1.993631,3.0724378,1.0727979,NORMAL
1774557158103,0.0,9.508276,-6.6703434,2.4664078,1.1589571,HARSH_ACCELERATION
1774557159112,0.0,8.428793,-4.4806724,3.02133,1.8069344,NORMAL
1774557160124,0.0,4.022066,-3.4853044,1.5148717,0.6036276,NORMAL
1774558686133,0.0,7.596157,-1.7280244,2.0173018,1.1910609,HARSH_ACCELERATION
1774558687150,0.0,7.7749248,-0.7089448,2.8366182,1.1598032,NORMAL
1774559804763,0.0,8.3894825,-6.663193,2.5530367,1.3369123,HARSH_ACCELERATION
1774559805775,0.0,6.615386,-3.1556823,3.053737,1.4332778,NORMAL
1774559806779,0.0,0.6758132,-1.1229643,0.4117059,0.35082126,NORMAL
1774559943508,0.0,5.7341127,-1.9447033,1.0693208,0.56304544,NORMAL
1774559944508,0.0,6.45751,-2.2508771,2.718136,3.0232613,UNSTABLE_RIDE
1774559945517,0.0,5.1895237,-1.7602613,2.3931348,1.1330007,NORMAL
1774560075272,0.0,4.80186,-8.719927,2.2299917,1.0907544,HARSH_BRAKING
1774560076295,0.0,10.3632965,-4.21435,3.1603756,5.167293,NORMAL
1774560077319,0.0,9.384808,-6.989093,2.6611986,2.0302215,HARSH_ACCELERATION
1774560078358,0.40662432,3.4534156,-4.7830987,1.7841163,0.7779739,NORMAL
1774560503919,0.0,8.05714,-7.555662,3.294247,1.6274459,HARSH_ACCELERATION
1774560504920,0.0,7.1787,-0.8038026,2.7350137,0.9249039,NORMAL
1774561946248,0.0,0.023845045,-0.59375024,0.12380445,0.042952318,NORMAL
1774561947267,0.0,5.789026,-10.6850395,2.0586886,1.3827076,HARSH_BRAKING
1774561948294,0.0,6.347311,-6.9359837,2.4674704,2.236014,NORMAL
1774561960471,0.0,0.025533507,-0.047591496,0.028481344,0.028257338,NORMAL
1774562295422,0.0,5.3454967,-7.087138,2.265457,0.61613834,HARSH_BRAKING
1774562296422,0.0,9.7122755,-7.461648,3.3599494,1.8877758,NORMAL
1774562297441,0.0,5.121959,-2.0981834,1.934322,0.55489534,NORMAL
1774583654919,0.0,0.017610887,-0.033270493,0.028571317,0.03082339,NORMAL
1774586694576,0.0,6.893818,-4.6444964,1.629788,0.5208288,HARSH_ACCELERATION
1774586695594,0.0,6.70851,-9.768979,3.4274187,2.6891713,NORMAL
1774586696618,0.0,1.3831078,-8.330416,2.628522,0.9929169,HARSH_BRAKING
1774586697623,0.0,3.7405312,-0.40723443,0.5686832,0.3479501,NORMAL
1774586698643,0.0,5.1552887,-1.4305265,2.0603108,0.75902903,NORMAL
1774586699674,0.0,0.63257873,-1.0260195,0.4913705,0.20760797,NORMAL
1774586700691,0.0,0.27328527,-0.18741566,0.12003662,0.14366941,NORMAL
1774587352383,0.0,6.4373736,-6.6494713,2.0149386,1.1893388,HARSH_BRAKING
1774587353405,0.0,5.596874,-9.388745,2.2661116,1.7420745,NORMAL
1774587354428,0.0,1.3308417,-7.2011824,2.0097837,0.56310517,HARSH_BRAKING
1774587355434,0.0,0.44336686,-0.25912884,0.13941906,0.10550188,NORMAL
1774587356456,0.0,3.1371436,-1.958815,0.9359422,0.36675978,NORMAL
1774588935108,0.0,0.34443492,-0.4304988,0.17987852,0.21002857,NORMAL
1774588936127,0.0,0.3351693,-0.49459285,0.16148244,0.27937418,NORMAL
1774588937153,0.0,7.65097,-0.46283168,2.3793952,0.8759311,HARSH_ACCELERATION
1774588938173,0.0,8.401009,-2.8492622,2.9907205,1.5842476,NORMAL
1774588939203,0.0,3.3687286,-8.937353,1.8667771,0.79945296,HARSH_BRAKING
1774588940222,0.0,6.688555,-2.0553074,2.8349316,1.1406488,NORMAL
1774588941236,0.0,0.33218127,-0.3124981,0.17092876,0.18944253,NORMAL
1774589228641,0.0,9.405495,-0.84493524,2.8142803,1.2020628,HARSH_ACCELERATION
1774589229643,0.0,6.919685,-5.905972,2.7552767,1.5875603,NORMAL
1774589230656,0.0,0.8063863,-0.6468033,0.2673207,0.43968818,NORMAL
1774591630547,0.0,9.403724,-5.48268,1.9070259,1.9826044,HARSH_ACCELERATION
1774591631544,0.0,6.209392,-4.664978,2.1722593,2.86812,NORMAL
1774591632575,0.0,3.5244508,-5.9880366,1.8592583,0.7477371,NORMAL
1774592508557,0.0,5.712759,-10.076368,3.267457,1.905549,HARSH_BRAKING
1774592509569,0.0,5.9925337,-2.8662026,2.6510735,1.5561059,NORMAL
1774592510579,0.0,0.32849428,-0.3464126,0.13798307,0.30283275,NORMAL
1774592937559,0.0,4.9737687,-1.1870443,1.7536943,1.1276757,NORMAL
1774592938576,0.0,5.315692,-6.0189266,2.4773126,1.3387678,UNSTABLE_RIDE
1774592939580,0.0,0.88787436,-0.85910076,0.33055288,0.26657176,NORMAL
1774592953373,0.0,8.401649,-3.539564,1.9467568,2.6893146,HARSH_ACCELERATION
1774592954366,0.0,10.738625,9.221692,3.0446744,9.01378,NORMAL
1774592970350,0.0,7.187497,-2.2408957,1.4948654,1.6051358,NORMAL
1774592977198,0.0,9.305,-1.9717875,2.7126846,3.343417,HARSH_ACCELERATION
1774592978216,0.0,9.151361,-0.6526276,3.2347736,2.8219001,NORMAL
1774595519487,0.0,0.29408142,-0.1130649,0.12702145,0.07408027,NORMAL
1774595520486,0.0,0.65997744,-1.2492756,0.35003278,0.3315181,NORMAL
1774595521494,0.0,0.5654901,-0.89548904,0.2962056,0.055655494,NORMAL
1774595522502,0.0,0.2928115,-0.11085205,0.09070807,0.023710528,NORMAL
1774595523505,0.0,0.23742026,-0.18974309,0.10140587,0.030604107,NORMAL
1774595524514,0.0,0.8254833,-3.5267477,0.6036436,0.2496471,NORMAL
1774595525539,0.7413613,1.2316815,-1.811505,0.67127484,0.41015005,NORMAL
1774595526548,0.7413613,1.2387325,-2.1498928,0.49582398,0.56287754,NORMAL
1774595527568,0.7413613,2.537548,-1.6715701,0.6607942,0.5948238,NORMAL
1774595528573,1.635335,2.1890159,-1.6666188,1.2100214,0.4001783,NORMAL
1774595529577,1.3654678,0.89914525,-1.3775088,0.36971936,0.28507388,NORMAL
1774595530595,2.132598,3.7834485,-1.4426244,0.68883824,0.74502194,NORMAL
1774595531607,4.5538735,1.6019217,-2.5058975,0.98640174,0.7464289,NORMAL
1774595532617,8.166039,2.074392,-1.9908167,0.9985741,0.3960399,NORMAL
1774595533635,11.14155,1.5628121,-1.2658598,0.8525081,0.29948622,NORMAL
1774595534647,13.507939,2.35706,-1.7567506,1.0665728,0.48071647,NORMAL
1774595535657,14.928697,1.8502136,-1.5834415,0.9787011,0.44547248,NORMAL
1774595536671,14.612352,2.2314796,-1.0627468,0.71900797,0.3945748,NORMAL
1774595537688,14.392733,1.5514419,-1.625301,0.74653053,0.37823913,NORMAL
1774595538697,12.723141,1.5324413,-2.2355847,1.297015,0.34738877,NORMAL
1774595539716,13.956368,3.1060042,-2.0446813,1.5712527,0.45188075,NORMAL
1774595540729,15.52102,1.560484,-2.7530098,1.4013608,0.45454633,NORMAL
1774595541729,17.333256,1.6255734,-1.7426034,1.1611353,0.40075332,NORMAL
1774595542761,18.749428,2.6859546,-2.1354868,1.1711695,0.5003555,NORMAL
1774595543770,20.494724,2.8119216,-3.1746278,1.3664243,0.6650131,NORMAL
1774595544792,22.291115,1.8802016,-3.127804,1.3377275,0.48151115,NORMAL
1774595545812,22.346615,2.1735618,-1.9505556,1.1982074,0.46413282,NORMAL
1774595546831,19.614674,4.679644,-3.8091965,1.4004879,0.53245115,NORMAL
1774595547833,15.830069,4.871583,-3.6771529,1.4350847,0.59331584,NORMAL
1774595548847,13.227614,1.3497152,-0.90190905,0.44174087,0.521866,NORMAL
1774595549853,12.4291935,0.99323326,-1.7730589,0.68782157,0.5951769,NORMAL
1774595550866,12.906321,1.2156988,-2.6884832,0.83431554,0.52267253,NORMAL
1774595551873,13.601837,4.192674,-3.4611073,1.3809322,0.5424585,NORMAL
1774595552876,14.49215,4.550513,-2.7566655,1.2185707,0.454141,NORMAL
1774595553892,16.983265,1.6539177,-1.9871806,1.3951939,0.52452004,NORMAL
1774595554915,20.092394,1.1197954,-0.8283551,0.82326114,0.37869382,NORMAL
1774595555950,21.617867,4.5504775,-2.4444287,1.7498363,0.5332218,NORMAL
1774595556973,20.662018,4.4930367,-2.6996748,2.3316436,0.58017457,UNSTABLE_RIDE
1774595557978,19.135202,2.3455164,-3.8113387,1.4785686,0.4187643,NORMAL
1774595558997,18.40749,2.6054606,-3.5948904,1.4961119,0.50519866,NORMAL
1774595560022,15.237774,2.4946125,-2.9995189,1.5948379,0.47869596,NORMAL
1774595561029,19.835098,2.4233484,-2.8195307,1.4816722,0.57736784,NORMAL
1774595562053,23.067171,1.9620457,-2.7811296,1.306356,0.40368038,NORMAL
1774595563078,26.90316,4.2475715,-2.0253572,1.5455644,0.3526991,NORMAL
1774595564107,27.823608,3.8186066,-1.228252,1.4492799,0.24574934,NORMAL
1774595565124,27.989628,3.50356,-1.5048248,1.4690385,0.36893344,NORMAL
1774595566145,29.273825,3.5942879,-1.9937992,2.0099635,0.6633753,NORMAL
1774595567163,32.089195,1.927183,-2.9495275,1.68844,0.5076667,NORMAL
1774595568193,34.633698,2.3073738,-3.171472,1.293547,0.49826285,NORMAL
1774595569205,37.872986,4.8405476,-4.7362795,1.6711643,0.81935626,NORMAL
1774595570228,41.37175,2.89591,-3.0659168,1.4180017,0.65095127,NORMAL
1774595571257,42.549477,4.6941094,-2.2572982,1.5515705,0.44668585,NORMAL
1774595572280,41.47052,4.6368318,-7.092924,1.6356224,0.6655915,HARSH_BRAKING
1774595573288,39.973526,3.876929,-3.8290033,1.5957859,0.66358507,NORMAL
1774595574310,38.312134,1.3546191,-1.7881374,0.7079437,0.44370633,NORMAL
1774595575334,36.580902,9.051035,-5.4519415,2.8954897,1.1171191,HARSH_ACCELERATION
1774595576360,34.735764,5.650866,-5.4834485,2.7839363,0.74739623,NORMAL
1774595577374,34.723015,1.6968445,-1.6767037,1.0996561,0.28161913,NORMAL
1774595578396,36.68813,4.8057547,-3.4085443,1.6341672,0.64450115,NORMAL
1774595579434,38.29801,4.5829096,-2.7698493,2.111999,0.4897868,NORMAL
1774595580461,40.714626,1.6564913,-1.3666877,0.8195744,0.16808516,NORMAL
1774595581473,42.325554,5.7164235,-3.9015248,1.8726479,0.30818048,NORMAL
1774595582492,42.287643,5.710594,-5.2239585,2.3054152,0.8439224,UNSTABLE_RIDE
1774595583524,40.691544,3.1985378,-2.3762763,1.742517,0.54548955,NORMAL
1774595584556,38.66169,5.301901,-2.1218996,1.9591228,0.3400451,NORMAL
1774595585573,34.51624,4.6804314,-3.2211864,2.1935904,0.4261182,NORMAL
1774595586586,31.470417,4.6465487,-3.3391733,2.1483054,0.33301365,NORMAL
1774595587601,24.719204,1.7612982,-2.5017116,1.2683842,0.2412866,NORMAL
1774595588617,18.02299,1.2147213,-0.9389383,0.43636665,0.24004178,NORMAL
1774595589631,14.016351,0.68068755,-0.31611785,0.26821056,0.11580763,NORMAL
1774595590642,12.045573,0.33569568,-0.61852807,0.20693684,0.05855377,NORMAL
1774595632516,1.8744395,0.2766857,-0.30174497,0.12410486,0.0358647,NORMAL
1774595633543,1.1246637,0.28535008,-0.28625226,0.13547793,0.026418356,NORMAL
1774595634545,0.67479825,0.2609072,-0.6342139,0.11767685,0.10517994,NORMAL
1774595635575,0.67479825,1.8094566,-0.701229,0.48485398,0.23402908,NORMAL
1774595636597,0.67479825,1.2948159,-1.3796678,0.43424204,0.35649627,NORMAL
1774595637617,0.67479825,1.3729877,-1.3109924,0.5399868,0.28109315,NORMAL
1774595638642,5.1385846,1.4744949,-1.861293,0.70219296,0.1805656,NORMAL
1774595639665,10.958026,1.771362,-1.9368496,1.430405,0.27020675,NORMAL
1774595640696,14.863599,3.0098493,-2.08126,1.4939442,0.24579042,NORMAL
1774595641706,18.234032,1.7500421,-1.457297,0.7295468,0.14823872,NORMAL
1774595642732,21.319101,2.1682336,-2.3916638,1.5115987,0.23334964,NORMAL
1774595643758,24.079382,1.227275,-4.289203,1.8936325,0.36050907,NORMAL
1774595644768,26.95713,1.4265617,-0.7807025,0.81366515,0.3127834,NORMAL
1774595645769,29.019077,2.7051632,-2.9960427,1.472617,0.40909,NORMAL
1774595646809,30.731447,4.1204014,-2.9428174,1.9586763,0.53734607,NORMAL
1774595647824,31.384468,3.3785589,-2.9494398,1.5459538,0.2638691,NORMAL
1774595648842,31.157082,2.2254293,-1.6298699,1.049452,0.18728329,NORMAL
1774595649879,31.49585,2.2220395,-3.0153117,1.8663551,0.31384063,NORMAL
1774595650898,32.10231,1.679772,-0.94522,0.9484271,0.16713475,NORMAL
1774595651922,32.98459,1.9973965,-2.1887307,0.8905662,0.17678502,NORMAL
1774595652938,32.636375,2.7632315,-2.9534585,1.4369122,0.2806514,NORMAL
1774595653937,32.369026,5.695818,-4.273785,1.7400514,0.4964782,NORMAL
1774595654961,32.770218,4.1900816,-5.6174035,2.0007749,0.47288492,NORMAL
1774595655985,33.010933,5.253157,-0.8741513,1.7873842,0.4172459,NORMAL
1774595657005,32.78096,5.9132075,-2.8293722,1.9357363,0.5640544,NORMAL
1774595658014,32.786976,4.115096,-4.644682,1.9240664,0.54539293,NORMAL
1774595659034,33.308987,5.271912,-4.3438225,1.5032942,0.49496704,NORMAL
1774595660055,33.535793,3.4508557,-2.6213498,1.4991958,0.34248576,NORMAL
1774595661089,33.383877,1.5553665,-1.4685168,0.71528584,0.19999507,NORMAL
1774595662103,33.07673,4.7892423,-3.3298254,1.8363917,0.33183032,NORMAL
1774595663117,32.61884,4.7757483,-6.3448877,1.9974465,0.47116166,NORMAL
1774595664129,32.041702,3.3137474,-3.3337638,2.0422084,0.5269055,NORMAL
1774595665153,31.39302,2.3486047,-6.6131263,1.6304973,0.42275885,HARSH_BRAKING
1774595666182,30.773415,2.5961678,-4.9786534,1.784161,0.3352374,NORMAL
1774595667213,30.21445,3.5307612,-3.1815991,1.5744942,0.20750342,NORMAL
1774595668235,29.346272,4.790127,-2.836647,1.6678348,0.24904804,NORMAL
1774595669260,28.378963,2.1249564,-2.5364652,1.5998832,0.23483774,NORMAL
1774595670282,28.100979,1.9586145,-2.8002744,1.117534,0.15410651,NORMAL
1774595671314,28.322989,1.7895291,-2.903989,1.6324556,0.21213177,NORMAL
1774595672342,28.945793,2.7532685,-3.1456156,1.774171,0.26445264,NORMAL
1774595673353,29.722677,3.4960063,-2.781904,1.7267538,0.26608086,NORMAL
1774595674362,30.001606,2.164323,-1.9450568,1.4700866,0.22183356,NORMAL
1774595675386,29.578564,4.6452217,-6.2807064,1.9254745,0.23676006,NORMAL
1774595676386,28.46074,4.6336493,-4.939969,2.2009017,0.39215118,UNSTABLE_RIDE
1774595677406,26.911644,2.5004277,-5.7577353,1.3410841,0.23326162,NORMAL
1774595678426,25.089388,2.4894874,-4.508857,1.7170248,0.29534438,NORMAL
1774595679448,22.512833,0.70465356,-1.151127,0.5451119,0.21394584,NORMAL
1774595680461,19.6709,1.0008173,-2.267057,0.77036107,0.41434243,NORMAL
1774595681468,17.202541,1.3227814,-1.2357216,0.6081895,0.56284726,NORMAL
1774595682470,15.908726,0.92684877,-1.2428775,0.6142867,0.39186585,NORMAL
1774595683492,16.716434,0.99037236,-1.6565995,0.5794506,0.21586661,NORMAL
1774595684534,18.626661,0.66928434,-1.0052867,0.446959,0.21385932,NORMAL
1774595685551,19.643196,1.3535633,-1.0295084,0.5616987,0.29425052,NORMAL
1774595686557,20.469118,5.0992193,-2.7918544,1.4590207,0.36638057,NORMAL
1774595687578,20.590271,4.28813,-3.0258331,1.5418258,0.33763617,NORMAL
1774595688616,22.189363,1.7251942,-1.4204702,0.702452,0.15074378,NORMAL
1774595689641,25.265617,2.390779,-1.8569949,0.7431885,0.16968593,NORMAL
1774595690649,28.983372,1.4371219,-2.1317863,0.6885542,0.13995263,NORMAL
1774595691662,31.962824,1.2085513,-0.9030111,0.6111034,0.13811763,NORMAL
1774595692685,35.420895,0.46129778,-1.195116,0.6599274,0.1437673,NORMAL
1774595693705,38.518135,1.7235535,-1.0023865,0.7604472,0.16754355,NORMAL
1774595694736,40.83728,2.00333,-1.1450645,0.87181884,0.17932397,NORMAL
1774595695772,43.323166,1.4634665,-1.5178497,0.72946906,0.1471161,NORMAL
1774595696788,45.3331,1.5654194,-1.8378544,0.87456614,0.13185176,NORMAL
1774595697802,46.06386,1.1898143,-1.6067579,0.6585355,0.12747674,NORMAL
1774595698842,45.60952,2.0798874,-1.591012,0.80574715,0.16154556,NORMAL
1774595699866,44.832912,1.0090421,-1.206747,0.9554644,0.13543205,NORMAL
1774595700898,44.53975,2.3356578,-1.1622735,0.9463156,0.12130741,NORMAL
1774595701924,43.874252,1.820898,-1.2431003,0.686447,0.12098391,NORMAL
1774595702948,43.31655,1.9403158,-3.3213258,1.5215333,0.22524948,NORMAL
1774595703956,41.2922,1.9378378,-3.3520408,1.5122241,0.20991397,NORMAL
1774595704992,39.89532,1.1356617,-0.97973883,0.71162194,0.09815661,NORMAL
1774595706022,38.380394,0.9624878,-1.9742893,0.7390776,0.09972465,NORMAL
1774595707054,35.973835,1.5026764,-2.8562114,1.1309831,0.14192246,NORMAL
1774595708075,31.6067,5.1017065,-1.301668,1.5407226,0.2836972,NORMAL
1774595709109,27.604021,3.7618377,-1.8106744,1.8476335,0.40274486,NORMAL
1774595710134,25.461613,1.9087436,-1.2697089,0.9396358,0.19130261,NORMAL
1774595711165,25.371368,2.767705,-2.962071,1.1729126,0.27784732,NORMAL
1774595712184,26.699621,2.7356696,-3.1002414,1.1339802,0.32558435,NORMAL
1774595713185,28.475773,1.7077297,-1.3451452,0.86571395,0.2308313,NORMAL
1774595714196,30.218264,2.5628366,-3.0658994,1.231341,0.25014976,NORMAL
1774595715236,32.25736,2.620031,-2.979022,1.3522656,0.29387042,NORMAL
1774595716244,34.460014,1.3770403,-1.5479021,1.0556592,0.25618184,NORMAL
1774595717271,36.78961,1.6519333,-1.6337137,0.91190296,0.26197612,NORMAL
1774595718291,39.13777,1.2005107,-1.7748998,0.9081844,0.23002426,NORMAL
1774595719308,41.021866,1.6538104,-1.3310536,0.7283976,0.14882223,NORMAL
1774595720325,42.49792,1.0066447,-2.2250333,0.58315915,0.10701608,NORMAL
1774595721349,43.556355,1.566031,-0.7839745,0.620051,0.1099732,NORMAL
1774595722374,44.162613,1.6272721,-0.9810364,0.8235931,0.12686068,NORMAL
1774595723387,44.195168,1.196934,-1.5601268,0.82992166,0.12197751,NORMAL
1774595724405,43.5091,2.0873246,-0.9209275,0.6434318,0.13308184,NORMAL
1774595725422,42.276665,1.4945014,-1.4467689,0.75698906,0.124753326,NORMAL
1774595726445,40.9036,3.4918613,-3.4377236,1.2084094,0.21015695,NORMAL
1774595727482,40.10856,1.8382032,-2.4321313,1.0804672,0.20296882,NORMAL
1774595728506,39.098736,1.9066889,-5.5449038,1.2283859,0.22657986,NORMAL
1774595729529,38.40644,3.254014,-4.0842533,1.6695447,0.30989772,NORMAL
1774595730562,36.320667,3.5442092,-7.2265162,2.1680713,0.44427863,HARSH_BRAKING
1774595731586,32.6356,4.7875643,-5.4984975,2.267676,0.44841817,NORMAL
1774595732598,29.63256,2.4143047,-2.4674172,1.1634401,0.26931342,NORMAL
1774595733632,27.787537,2.0712304,-1.6002725,0.87552637,0.21504879,NORMAL
1774595734660,26.363724,3.2157996,-1.5768505,1.0939164,0.1735668,NORMAL
1774595735690,26.531834,2.6079273,-1.8175973,1.1972889,0.18049602,NORMAL
1774595736717,27.7415,2.36985,-1.1523213,0.8725223,0.2127569,NORMAL
1774595737740,28.510502,1.435083,-1.5148126,0.98037875,0.28031075,NORMAL
1774595738754,29.778301,1.3438913,-1.3120327,0.81160414,0.22463249,NORMAL
1774595739777,31.96458,1.4372873,-1.321236,0.70819825,0.31727704,NORMAL
1774595740789,34.75955,1.3731744,-1.5313897,0.89577305,0.27787527,NORMAL
1774595741824,37.55973,2.0207396,-1.0815264,0.81340796,0.19825383,NORMAL
1774595742861,39.916637,1.2486665,-1.3583045,0.6476647,0.12645166,NORMAL
1774595743885,41.647583,1.0447632,-1.7561742,0.67863417,0.123309486,NORMAL
1774595744909,42.398148,2.5875857,-1.5965251,0.9483645,0.14371428,NORMAL
1774595745949,37.266537,5.0736804,-3.2629323,2.100389,0.26847538,NORMAL
1774595746952,32.29592,2.5411448,-2.8665097,1.6495794,0.2916393,NORMAL
1774595747981,28.478355,1.0058833,-1.2751942,0.8758719,0.16136369,NORMAL
1774595749004,24.935013,0.64778686,-1.2969365,0.61758024,0.14153317,NORMAL
1774595750019,21.109808,0.7053124,-1.1940658,0.62539506,0.38023642,NORMAL
1774595751050,17.734684,3.1240735,-2.8878,1.1538463,0.4439066,NORMAL
1774595752067,15.061611,2.7053697,-3.586336,1.2129098,0.47837102,NORMAL
1774595753095,12.896168,1.082651,-1.5437456,0.78179246,0.519109,NORMAL
1774595754100,12.518501,1.3567477,-1.2996964,0.71980345,0.4717277,NORMAL
1774595755122,12.781502,1.3750112,-1.0050963,0.48949677,0.33625528,NORMAL
1774595756152,12.204902,1.1445929,-1.1009035,0.46754938,0.47643837,NORMAL
1774595757169,10.966141,0.6566085,-1.1799884,0.36095512,0.8776872,NORMAL
1774595758176,8.768484,1.277853,-1.5252098,0.4768136,0.6914272,NORMAL
1774595759201,8.126691,1.8737526,-0.9931519,0.4301476,0.45679906,NORMAL
1774595760224,6.704815,1.0510718,-0.8147151,0.37462714,0.27753362,NORMAL
1774595761247,4.4116893,0.40677696,-0.32035744,0.18978837,0.16690616,NORMAL
1774595762270,2.6470137,0.11750837,-0.1970886,0.10941752,0.04479237,NORMAL
1774595926404,0.0,1.543384,-0.69732225,0.4230418,0.14311366,NORMAL
1774595927417,1.4255999,1.151938,-1.5579996,0.71208245,0.42075145,NORMAL
1774595928426,3.00096,4.456648,-2.6193042,1.2518575,0.6921449,NORMAL
1774595929435,6.250176,2.449296,-1.9429626,0.9562847,0.47840017,NORMAL
1774595930438,10.863706,2.2779171,-0.791925,0.69428515,0.20494203,NORMAL
1774595931455,14.251023,1.3339982,-0.88880175,0.4976002,0.116362445,NORMAL
1774595932458,20.056213,2.4907894,-1.1385425,0.74170727,0.13291587,NORMAL
1774595933465,23.236929,0.9235016,-1.7415066,0.83708316,0.15239893,NORMAL
1774595934490,27.794958,1.1590258,-2.0257416,0.621744,0.14778337,NORMAL
1774595935510,31.163376,1.1760812,-2.2120898,0.78307843,0.15244576,NORMAL
1774595936541,32.694828,0.9428035,-1.452724,0.91714406,0.14333534,NORMAL
1774595937552,34.477695,0.9154576,-1.0812119,0.9354995,0.11946506,NORMAL
1774595938587,35.37462,0.887349,-0.97008514,0.6661895,0.12184056,NORMAL
1774595939586,35.68237,1.2419769,-1.186735,0.88721305,0.1393793,NORMAL
1774595940619,34.77262,4.9601817,-3.3715074,2.04805,0.23763597,NORMAL
1774595941644,31.389973,4.03465,-4.302398,1.974145,0.36674327,NORMAL
1774595942665,28.841984,4.136139,-4.141769,1.6429386,0.36250728,NORMAL
1774595943693,29.66039,1.7878942,-2.0198164,1.2021539,0.26939946,NORMAL
1774595944713,31.620235,2.1308737,-2.3245196,0.95676327,0.3376235,NORMAL
1774595945737,33.30014,1.9260892,-2.3788943,0.84147054,0.25221708,NORMAL
1774595946756,35.604088,2.2494287,-1.58054,0.74091434,0.16800742,NORMAL
1774595947757,37.692055,1.7481633,-1.533621,0.8727415,0.2843313,NORMAL
1774595948776,39.348034,1.7193203,-1.8845139,0.90084726,0.36424428,NORMAL
1774595949791,41.421623,2.749342,-1.6808473,1.1671946,0.2584266,NORMAL
1774595950797,43.572975,2.7649431,-1.7220514,1.2639729,0.18157957,NORMAL
1774595951831,45.641388,1.6911972,-1.4623642,1.0259788,0.13972624,NORMAL
1774595952854,47.112835,1.6626918,-1.4475995,1.0492948,0.13499652,NORMAL
1774595953868,48.0101,2.589592,-1.4336284,1.1807114,0.14059193,NORMAL
1774595954875,48.39006,1.7705289,-1.7104447,0.82701266,0.14105158,NORMAL
1774595955910,48.40204,1.8230044,-1.511982,0.655888,0.12530802,NORMAL
1774595956934,47.250015,1.787362,-1.6342741,0.78482205,0.123938404,NORMAL
1774595957954,45.90361,2.3162813,-1.6840503,0.8313857,0.12170482,NORMAL
1774595958980,44.202965,1.335692,-1.418651,0.7683876,0.11689451,NORMAL
1774595960014,41.90098,2.828653,-1.1425359,0.9163847,0.1260234,NORMAL
1774595961024,38.662193,6.200124,-1.190111,1.3995752,0.14719486,NORMAL
1774595962040,34.256516,2.3911645,-5.195945,1.9724889,0.28880763,NORMAL
1774595963055,30.216309,2.6714382,-5.1166606,2.3710828,0.40632278,NORMAL
1774595964067,27.633785,1.1778543,-1.1513723,0.70712245,0.14094448,NORMAL
1774595965089,26.689072,1.5993907,-1.419503,0.7728237,0.18280677,NORMAL
1774595966094,26.050243,2.774312,-2.487496,1.6690061,0.24275865,NORMAL
1774595967124,27.063747,3.0980842,-1.9783838,1.515117,0.3495975,NORMAL
1774595968136,29.169449,2.549482,-1.4813708,1.0881455,0.26725972,NORMAL
1774595969147,30.13047,1.886225,-0.9973271,0.92397857,0.17867784,NORMAL
1774595970166,30.015884,1.5785968,-0.92411697,0.99911493,0.16168514,NORMAL
1774595971195,30.206331,1.2119763,-1.4535503,0.7751134,0.15703462,NORMAL
1774595972221,31.1558,1.2137212,-1.0212216,0.6367252,0.13581064,NORMAL
1774595973224,32.77668,1.2344179,-1.0706317,0.66681343,0.1617845,NORMAL
1774595974220,34.757206,2.2169936,-1.0650477,0.61749274,0.16760392,NORMAL
1774595975254,36.982323,1.2524911,-1.0153356,0.62824196,0.15612492,NORMAL
1774595976266,39.454994,1.7168849,-1.3579307,0.982763,0.18590063,NORMAL
1774595977285,42.032997,1.206639,-1.8083589,0.6354817,0.15887497,NORMAL
1774595978293,42.499798,1.4867699,-3.8734674,1.7956055,0.15190236,NORMAL
1774595979316,40.21668,2.3697453,-3.8030841,1.8607899,0.2028154,NORMAL
1774595980356,36.15401,4.1242905,-7.0517335,2.2228727,0.45858175,NORMAL
1774595981381,33.29881,3.115677,-8.191769,2.1181698,0.2638776,NORMAL
1774595982402,32.190487,3.2267685,-1.5237505,0.9022974,0.15277426,NORMAL
1774595983401,32.57669,2.0133889,-1.6474602,0.92865884,0.15075321,NORMAL
1774595984431,34.219612,0.9336819,-1.0841621,0.7322349,0.14968178,NORMAL
1774595985453,36.77497,1.3335755,-0.7986705,0.73319745,0.13712703,NORMAL
1774595986462,39.66178,1.4782588,-1.1381202,0.74538493,0.13676654,NORMAL
1774595987476,41.624268,1.2884518,-1.1037234,0.7447308,0.1427258,NORMAL
1774595988501,43.70896,1.2540041,-1.0713202,0.73414445,0.17882809,NORMAL
1774595989504,46.097378,1.3317525,-1.4777377,0.7605914,0.1753958,NORMAL
1774595990538,48.33683,1.6379771,-1.5041722,1.2697172,0.17637399,NORMAL
1774595991572,48.024498,2.4034498,-1.4154866,1.4305997,0.22993617,NORMAL
1774595992587,44.6835,1.6674322,-2.3654044,1.0229627,0.26151997,NORMAL
1774595993612,42.5637,1.2735169,-1.0214428,0.56843555,0.26573277,NORMAL
1774595994644,42.24222,1.7359394,-4.338916,0.82479495,0.3040918,NORMAL
1774595995670,43.086136,2.12805,-2.001318,0.83623075,0.27335405,NORMAL
1774595996699,44.06768,1.3717965,-1.4235392,0.77809155,0.24371696,NORMAL
1774595997711,46.312607,1.073951,-1.4564389,0.8096844,0.17658736,NORMAL
1774595998745,47.270763,1.0776869,-2.4487739,0.6206506,0.1058219,NORMAL
1774595999771,46.83766,1.2325934,-1.6169989,0.8363041,0.115950204,NORMAL
1774596000804,45.613,1.3453032,-1.4782848,0.8395303,0.13570306,NORMAL
1774596001824,43.308598,2.784637,-0.926123,0.66595316,0.1290397,NORMAL
1774596002837,40.71636,2.6468425,-2.5573196,1.1764475,0.24460657,NORMAL
1774596003859,39.449017,2.5753546,-2.0615363,1.1655982,0.27587622,NORMAL
1774596004868,39.999012,1.1603535,-1.3168113,0.7867619,0.17648938,NORMAL
1774596005878,41.71141,0.73739755,-1.3420242,0.6464656,0.1704998,NORMAL
1774596006911,43.862045,1.3442827,-1.0736387,0.6512755,0.12876461,NORMAL
1774596007934,44.93306,1.1776196,-1.1682706,0.69111484,0.14808138,NORMAL
1774596008946,43.303837,0.90135986,-1.5010889,0.92218417,0.16643013,NORMAL
1774596009964,40.267105,2.2003665,-1.909312,1.3345917,0.1747238,NORMAL
1774596010977,36.169865,1.1574631,-1.9393852,1.3171271,0.14583032,NORMAL
1774596011992,31.925919,0.7768361,-1.3521756,0.61041063,0.2047786,NORMAL
1774596013004,28.976353,1.3741156,-3.1999032,1.1483076,0.38603097,NORMAL
1774596014015,28.185814,2.123166,-3.6133044,1.5259799,0.42120937,NORMAL
1774596015039,28.762688,0.71453226,-1.3091079,0.86105657,0.21440239,NORMAL
1774596016064,29.598413,1.460841,-1.6180861,1.0188025,0.16505753,NORMAL
1774596017087,31.13665,1.4028732,-0.9774889,0.69062984,0.11368942,NORMAL
1774596018114,32.63559,1.5893577,-0.88880026,0.79578245,0.12720862,NORMAL
1774596019160,34.283752,1.3301028,-1.2966706,0.71862483,0.12582283,NORMAL
1774596020171,35.48865,1.1823347,-3.2836323,0.739657,0.12983654,NORMAL
1774596021185,36.12519,1.1212504,-2.1578643,0.848716,0.13024378,NORMAL
1774596022213,35.599915,0.68000585,-0.5198027,0.4994872,0.16482319,NORMAL
1774596023248,34.39195,0.9583664,-1.3851678,0.47967932,0.26844543,NORMAL
1774596024278,33.29277,1.2359887,-1.1713197,0.8070867,0.14394201,NORMAL
1774596025305,32.388462,1.5077772,-1.1183057,0.6458581,0.1068386,NORMAL
1774596026311,31.255478,1.114243,-1.0863687,0.67843086,0.14583959,NORMAL
1774596027350,29.927689,1.3046777,-1.1209006,0.66419786,0.30200478,NORMAL
1774596028370,28.353413,1.0931003,-1.376836,0.7222383,0.35275123,NORMAL
1774596029418,26.962448,9.8661585,-2.5984085,1.5033951,0.32370427,UNSTABLE_RIDE
1774596030407,25.551868,3.1575441,-2.5195904,1.9124973,0.41961056,NORMAL
1774596031415,24.23032,3.8408356,-3.5446963,1.7382817,0.35160854,NORMAL
1774596032433,23.221394,1.2811952,-3.6910582,1.476641,0.21496814,NORMAL
1774596033453,22.356836,1.8226819,-3.356272,1.2902707,0.23597844,NORMAL
1774596034475,21.334103,0.9125848,-1.4052386,0.48106232,0.27217847,NORMAL
1774596035496,19.51086,3.2791357,-3.2032988,1.8180135,0.45089096,NORMAL
1774596036496,16.789717,1.0811207,-3.091528,1.6907101,0.5405794,UNSTABLE_RIDE
1774596037526,14.609831,0.7114969,-0.69345796,0.30337125,0.6106187,NORMAL
1774596038523,12.941898,0.7743675,-0.6914044,0.30120537,0.5573676,NORMAL
1774596039534,12.329939,0.5741828,-1.537353,0.3812016,0.37972915,NORMAL
1774596040561,13.172363,0.9370083,-0.7856647,0.34060174,0.21817906,NORMAL
1774596041568,15.002618,0.8495041,-0.63141304,0.31099713,0.19540696,NORMAL
1774596042588,17.26717,0.624197,-0.85476345,0.43557325,0.16365443,NORMAL
1774596043609,18.971502,0.75598717,-0.89429486,0.30179748,0.10387941,NORMAL
1774596044637,20.123703,1.0908709,-0.912526,0.45396578,0.1470991,NORMAL
1774596045665,20.872623,0.48137853,-0.63417315,0.28329724,0.16604708,NORMAL
1774596046695,21.249975,1.6650503,-1.4967576,0.749581,0.18828441,NORMAL
1774596047716,21.433186,1.6632382,-0.60920346,0.7501979,0.15859374,NORMAL
1774596048743,21.45671,0.48487046,-0.59287506,0.32370022,0.11928334,NORMAL
1774596049764,21.470827,0.5283708,-0.49383992,0.26639253,0.14387712,NORMAL
1774596050793,21.392897,1.0384061,-0.57836175,0.5990221,0.1905634,NORMAL
1774596051828,21.302938,1.033892,-0.61694336,0.64723825,0.16878967,NORMAL
1774596052840,21.220165,0.595588,-0.77607423,0.48073396,0.13217895,NORMAL
1774596053845,21.429699,0.59764373,-1.1711134,0.5160292,0.097536206,NORMAL
1774596054880,21.77142,0.65561116,-4.0964212,0.7680651,0.13057922,NORMAL
1774596055890,21.688452,2.1951995,-2.7488892,0.90455574,0.23017019,NORMAL
1774596056920,21.177872,1.2843127,-1.2196906,0.5703123,0.14120784,NORMAL
1774596057937,20.713123,1.2008009,-1.1395067,0.58820605,0.13808711,NORMAL
1774596058950,20.362005,0.69021696,-1.9693646,0.64924043,0.14458995,NORMAL
1774596059996,20.166004,2.5593927,-5.3785625,1.9397705,0.34021887,UNSTABLE_RIDE
1774596061012,20.034002,1.1095021,-1.4394269,0.6788701,0.21147452,NORMAL
1774596062027,19.897202,1.7666447,-1.9019654,0.88188106,0.26379767,NORMAL
1774596063043,19.87272,1.7747285,-1.929549,1.0556343,0.29685962,NORMAL
1774596064061,20.088432,1.4280992,-1.7717081,1.3022248,0.33884376,UNSTABLE_RIDE
1774596065080,20.46266,1.7223517,-2.9059644,1.6164986,0.38985345,NORMAL
1774596066107,20.888798,1.8895928,-9.274652,1.6793903,0.29529524,UNSTABLE_RIDE
1774596067101,21.21648,3.641286,-2.505933,1.7998446,0.2719681,NORMAL
1774596068122,21.51389,0.9054916,-0.9633264,0.6870065,0.15312828,NORMAL
1774596069148,21.764334,4.6287365,-0.578403,0.74812025,0.13750263,NORMAL
1774596070169,21.8426,2.6595092,-4.785734,1.8657111,0.25784788,UNSTABLE_RIDE
1774596071189,21.63036,2.573125,-4.715831,1.7786155,0.3021241,NORMAL
1774596072201,21.834217,2.478009,-3.0571165,1.4297744,0.28756332,NORMAL
1774596073233,23.03653,2.31576,-2.1940928,1.3163571,0.24424432,NORMAL
1774596074264,24.10352,0.96983075,-1.7175955,0.6234096,0.14821668,NORMAL
1774596075285,25.319714,1.8908058,-1.5130712,0.6142502,0.11827833,NORMAL
1774596076309,26.942228,1.8088831,-3.512165,0.9610705,0.12270552,NORMAL
1774596077331,28.707737,1.9716542,-2.8312852,1.8869692,0.2958904,NORMAL
1774596078347,30.458242,4.304475,-3.6095011,2.4604323,0.51732886,NORMAL
1774596079363,32.113346,3.3116057,-7.877247,2.383351,0.5103885,NORMAL
1774596080387,33.89841,3.6961865,-3.9438422,2.1775732,0.40396652,NORMAL
1774596081420,35.617447,1.1613116,-1.4532804,0.8171053,0.20741743,NORMAL
1774596082437,37.67127,1.4275677,-1.4154824,0.7864364,0.31935394,NORMAL
1774596083455,39.47956,2.948738,-2.5886025,1.4240336,0.44132692,NORMAL
1774596084479,41.18374,1.9597384,-1.2040114,0.8482996,0.45866558,NORMAL
1774596085512,42.479843,1.1082332,-1.161476,0.8109328,0.3591695,NORMAL
1774596086528,43.891106,0.88197184,-1.1752118,0.63370085,0.19558181,NORMAL
1774596087537,43.312263,3.2886074,-6.1235213,1.6378036,0.30694398,NORMAL
1774596088552,42.01456,3.0392697,-3.4339097,1.7503644,0.6716279,NORMAL
1774596089573,40.67434,4.826842,-3.353285,1.8185885,0.5170675,NORMAL
1774596090593,39.654205,3.2984278,-5.987123,1.818214,0.37615398,NORMAL
1774596091618,38.566925,2.7342827,-4.0964622,1.444694,0.39532012,NORMAL
1774596092636,37.986557,1.7578748,-3.6806285,1.2829512,0.30102926,NORMAL
1774596093656,37.076736,1.6958241,-1.7298467,1.3663332,0.34945095,NORMAL
1774596094688,34.514843,1.1051812,-1.2703348,0.700357,0.22709383,NORMAL
1774596095715,32.286507,3.8104086,-3.2933898,1.7562631,0.4575703,NORMAL
1774596096740,30.776703,4.216745,-3.3873112,1.8356044,0.65912044,NORMAL
1774596097764,30.288422,4.1504836,-3.4554791,1.5617558,0.43004394,NORMAL
1774596098797,30.355453,3.1440299,-1.582509,1.4407458,0.37459582,UNSTABLE_RIDE
1774596099819,30.611671,6.501883,-3.4217677,2.1499047,0.65434986,NORMAL
1774596100841,30.563805,5.8792944,-6.080559,2.0373487,0.785568,NORMAL
1774596101864,30.938284,3.4970744,-4.9304304,1.8811585,0.73370814,NORMAL
1774596102896,31.782171,2.0532346,-5.3722157,1.5934105,0.39634827,NORMAL
1774596103921,32.691704,3.6812377,-1.9025806,1.2276548,0.3628273,NORMAL
1774596104957,33.400696,3.5743616,-1.8844754,1.1771034,0.38177973,NORMAL
1774596105974,34.051617,2.140364,-1.6905947,0.80167466,0.3257246,NORMAL
1774596107010,34.94617,2.6249256,-1.7471609,1.4700903,0.49048698,NORMAL
1774596108025,35.8861,3.962766,-3.1251447,1.8424392,0.682143,NORMAL
1774596109044,36.608463,4.088783,-3.1286123,1.8886987,0.57350403,NORMAL
1774596110067,37.027477,4.1277714,-1.0269574,2.211865,0.55193084,NORMAL
1774596111104,37.14929,5.5368495,-4.2072024,2.1696992,0.49908212,NORMAL
1774596112114,36.588776,2.2863877,-4.3550444,1.6894526,0.3490422,NORMAL
1774596113129,35.978867,1.6898034,-1.3994724,0.8976482,0.23255272,NORMAL
1774596114142,35.468918,3.7752466,-2.4540262,1.5829648,0.34011894,NORMAL
1774596115149,35.20615,7.087231,-3.215033,1.7359991,0.46140927,NORMAL
1774596116176,35.293293,9.141691,-2.6003482,2.269718,0.6505282,UNSTABLE_RIDE
1774596117197,35.921577,5.342671,-4.4935117,2.1749744,0.7929491,NORMAL
1774596118225,36.83135,5.03585,-2.0791528,2.0951128,0.6078185,NORMAL
1774596119233,37.82361,1.7900453,-1.1346388,1.2828685,0.339901,NORMAL
1774596120260,38.087765,1.1975915,-1.292868,0.7595224,0.22766556,NORMAL
1774596121289,37.03666,0.87275606,-0.8412533,1.0003511,0.2186898,NORMAL
1774596122305,34.7212,1.376987,-1.8459792,1.0495183,0.17515203,NORMAL
1774596123324,29.90472,6.470488,-1.720151,2.3179383,0.44956028,NORMAL
1774596124351,25.301233,2.4628816,-2.1672902,1.0943744,0.3186666,NORMAL
1774596125373,22.58234,2.15573,-1.1857502,0.73665875,0.2090915,NORMAL
1774596126387,22.290205,1.3392216,-1.0951815,0.54236215,0.2021696,NORMAL
1774596127384,22.935722,1.3375441,-1.8828468,0.6164082,0.21014963,NORMAL
1774596128413,25.123034,1.1789993,-1.23088,0.7061326,0.30303133,NORMAL
1774596129449,27.61622,2.9386115,-1.0144492,0.8369442,0.1991555,NORMAL
1774596130468,29.126534,1.2428931,-1.0874982,0.85307324,0.16230023,NORMAL
1774596131477,30.32072,1.2070434,-1.5247884,0.76863706,0.12691027,NORMAL
1774596132498,30.115631,1.5443945,-1.182754,0.69317067,0.13632488,NORMAL
1774596133506,28.451778,1.5422647,-5.6455913,1.8813446,0.3878537,UNSTABLE_RIDE
1774596134532,26.11427,1.2650286,-5.577718,2.0658076,0.5461756,NORMAL
1774596135557,25.388561,1.273408,-1.4852123,0.9936968,0.5554205,NORMAL
1774596136574,25.961136,1.5064158,-1.6697025,0.843711,0.56597584,NORMAL
1774596137606,26.837482,2.2018836,-1.7044266,0.85517,0.3391351,NORMAL
1774596138616,25.980888,4.026648,-5.1103234,1.6932862,0.5674046,NORMAL
1774596139653,23.335733,5.4049387,-3.8977568,1.7440097,0.739446,NORMAL
1774596140696,22.90064,2.303929,-3.2660987,1.4584265,0.30298567,NORMAL
1774596141702,25.188385,2.3715847,-1.7025554,1.5133446,0.40341175,NORMAL
1774596142724,25.12103,2.3679423,-1.310462,1.1155951,0.43172306,NORMAL
1774596143748,22.64702,2.2798707,-1.3320266,1.2850834,0.6434079,NORMAL
1774596144769,21.911413,2.1478472,-1.8620168,1.2973732,0.40049475,NORMAL
1774596145797,24.364449,1.4224246,-1.9246721,0.796142,0.2768412,NORMAL
1774596146810,27.99627,1.0086275,-1.0890244,0.77865535,0.25339735,NORMAL
1774596147824,31.51456,1.9467118,-1.7782637,0.84182954,0.25483394,NORMAL
1774596148837,33.942337,2.134091,-1.7589662,0.9624832,0.28949028,NORMAL
1774596149863,37.5446,2.2974255,-1.6361556,0.9539634,0.32021293,NORMAL
1774596150892,39.54756,2.7038016,-1.7715343,1.1703843,0.41698155,NORMAL
1774596151907,39.525337,2.686834,-1.7676555,1.0302305,0.390794,NORMAL
1774596152909,38.115204,1.6826144,-1.0627403,0.89506197,0.32815155,NORMAL
1774596153924,34.702274,2.5291033,-4.5623965,1.7695669,0.3863246,NORMAL
1774596154948,32.701366,2.4882185,-1.1786505,0.79259104,0.17020473,NORMAL
1774596155966,29.32642,3.1440966,-1.2140307,1.268999,0.26118174,NORMAL
1774596156978,27.085453,2.49545,-4.159427,2.0874217,0.57733274,NORMAL
1774596157999,26.97927,1.5690105,-3.2101424,1.1724188,0.36863247,NORMAL
1774596159017,28.369963,1.6928903,-1.4076328,0.72933316,0.31203756,NORMAL
1774596160047,30.514778,1.0531754,-0.7773723,0.7182995,0.2899628,NORMAL
1774596161073,32.57927,1.3446102,-3.866877,0.746777,0.2540533,NORMAL
1774596162097,34.840363,1.3179277,-4.0280166,1.0862875,0.37346622,NORMAL
1774596163110,38.19862,1.344331,-1.8983296,1.0819165,0.33065367,NORMAL
1774596164114,41.235973,2.455558,-1.0440352,0.73425585,0.3027484,NORMAL
1774596165117,43.317585,2.0151129,-2.3956168,1.1845437,0.39288083,NORMAL
1774596166125,44.940952,1.88819,-2.8118136,1.1976484,0.33437523,NORMAL
1774596167161,44.66217,1.8998343,-2.7362936,1.1020256,0.2629576,NORMAL
1774596168185,43.126907,1.9261264,-1.7254677,0.9731322,0.36020035,NORMAL
1774596169206,41.269745,1.8772631,-1.2192997,0.78738195,0.36547765,NORMAL
1774596170215,39.075447,4.7145247,-1.2039909,1.0362269,0.4492512,NORMAL
1774596171243,36.37647,1.2522947,-1.3496858,0.9019495,0.33583695,NORMAL
1774596172283,33.20188,1.1562672,-1.5979452,0.8758635,0.19206363,NORMAL
1774596173293,27.97073,2.6624765,-3.3032687,1.6723019,0.4066318,NORMAL
1774596174295,20.756838,2.7538886,-3.2911358,1.7805355,0.4942259,NORMAL
1774596175327,17.119703,1.3755528,-1.6466227,0.5487669,0.2234655,NORMAL
1774596176334,13.727822,1.1083506,-1.508859,0.85745054,0.48903346,NORMAL
1774596177346,11.721494,1.2238221,-1.5596027,0.932669,0.5249489,NORMAL
1774596178361,11.928896,0.96748686,-1.0472918,0.6861604,0.39728433,NORMAL
1774596179369,12.931738,1.9976158,-1.1557478,0.7076262,0.36871395,NORMAL
1774596180386,14.555843,1.3439016,-1.7300993,0.5997319,0.2292764,NORMAL
1774596181415,16.912704,3.412281,-2.9080493,1.2821558,0.3195602,UNSTABLE_RIDE
1774596182435,17.966824,3.5231628,-4.7761564,1.5265727,0.38756883,NORMAL
1774596183471,18.253695,3.8457627,-2.947243,1.5035748,0.43096906,UNSTABLE_RIDE
1774596184470,18.757017,5.517713,-3.6301248,2.0158427,0.6189021,NORMAL
1774596185492,19.275011,5.6297617,-4.6218596,1.8353016,0.5523787,UNSTABLE_RIDE
1774596186515,19.600208,2.8167653,-3.6723542,1.2683821,0.46133053,NORMAL
1774596187537,19.003325,3.4411266,-2.3810852,1.3108696,0.44816732,UNSTABLE_RIDE
1774596188558,17.939594,2.2074702,-4.3312583,1.2725146,0.3544344,NORMAL
1774596189576,17.546156,2.3029058,-4.6277337,1.6143589,0.5409675,UNSTABLE_RIDE
1774596190596,18.159695,2.4653127,-3.261386,1.5861951,0.7076257,NORMAL
1774596191604,18.657417,1.4649907,-3.4205675,1.184799,0.5578544,NORMAL
1774596192626,20.69845,3.223089,-1.6167827,0.84536105,0.2844416,NORMAL
1774596193638,23.39187,1.3098813,-2.598862,1.5284503,0.33883786,UNSTABLE_RIDE
1774596194665,27.268723,1.059,-2.6415293,1.5970371,0.3315519,NORMAL
1774596195683,30.703634,1.8237243,-1.0855894,0.7661744,0.26037028,NORMAL
1774596196704,32.850983,1.683928,-1.1915536,0.86780643,0.26727086,NORMAL
1774596197724,36.19859,4.206385,-2.3915346,1.2930129,0.3267763,NORMAL
1774596198735,38.927155,1.0443815,-1.4524944,0.8978255,0.22575426,NORMAL
1774596199760,40.218693,1.6236815,-1.8208125,0.6732438,0.27076855,NORMAL
1774596200780,42.577618,1.8874525,-1.5056148,0.6502123,0.24407734,NORMAL
1774596201796,43.58977,1.3317142,-2.0683618,1.0547268,0.2801598,NORMAL
1774596202817,44.902664,2.7647986,-1.9738357,1.1388822,0.343712,NORMAL
1774596203841,46.5832,2.8279576,-1.9451361,1.1805059,0.37721887,NORMAL
1774596204848,47.721123,2.0642118,-1.4953736,1.0036426,0.28706962,NORMAL
1774596205862,48.000675,2.4487476,-1.0584121,0.8408989,0.2257949,NORMAL
1774596206882,47.750805,2.1349437,-2.451516,0.94168603,0.26343367,NORMAL
1774596207885,46.664886,1.1547356,-6.4947352,1.2215436,0.3139389,NORMAL
1774596208897,45.034134,3.7335222,-4.231438,1.7190418,0.38724163,NORMAL
1774596209926,40.401413,2.237059,-1.6125705,1.3592806,0.33688337,NORMAL
1774596210958,36.524048,4.3823934,-4.983768,1.5165545,0.27094483,NORMAL
1774596211965,31.30323,2.1927478,-3.1647656,1.1244814,0.33055744,NORMAL
1774596212977,26.471539,3.1575546,-2.515391,1.1750942,0.46447292,NORMAL
1774596214001,22.780523,1.7929053,-1.6313312,1.0888907,0.6565875,NORMAL
1774596215015,20.335514,1.764844,-3.038756,1.3766136,0.6063533,UNSTABLE_RIDE
1774596216041,18.94051,1.7092636,-2.9625902,1.2301223,0.38218915,NORMAL
1774596217061,18.953106,1.5012196,-2.288523,1.0548608,0.34634626,NORMAL
1774596218072,19.680664,6.098063,-1.7742516,2.7841375,0.54859626,UNSTABLE_RIDE
1774596219097,21.470798,6.473931,-1.7385894,2.7133527,0.39468646,NORMAL
1774596220112,24.54648,0.6241009,-1.8993425,0.6360993,0.13769029,NORMAL
1774596221127,27.457489,1.6674681,-1.1895384,0.6314515,0.16370708,NORMAL
1774596222148,30.471294,1.4599029,-1.0879745,0.67022276,0.27636877,NORMAL
1774596223178,33.73398,2.0229166,-1.7265164,0.91932154,0.29745588,NORMAL
1774596224210,36.74279,1.5182937,-1.1920779,0.8520863,0.15790649,NORMAL
1774596225229,38.706474,2.4667666,-1.7675486,0.81067795,0.15363204,NORMAL
1774596226262,41.051086,1.8523908,-1.690504,0.79309225,0.17567053,NORMAL
1774596227274,43.681854,1.4864488,-2.1329327,1.2235358,0.24145769,NORMAL
1774596228299,46.426712,1.556166,-2.3157153,1.5997511,0.29312083,NORMAL
1774596229329,47.929626,2.064379,-1.9213548,1.4915347,0.22995387,NORMAL
1774596230328,46.916176,3.704102,-3.191288,1.5674075,0.32294828,NORMAL
1774596231361,46.884106,3.2926662,-3.1738148,1.3650295,0.34329203,NORMAL
1774596232376,47.829666,2.5177274,-2.8598335,1.3215609,0.33073378,NORMAL
1774596233381,49.1458,3.0854888,-2.7219963,1.2462375,0.3087942,NORMAL
1774596234413,50.35308,3.070549,-2.575607,1.4407356,0.3509386,NORMAL
1774596235419,50.89025,3.0642028,-1.6647663,1.6666067,0.34608752,NORMAL
1774596236429,49.570953,1.5524731,-1.6010793,0.9749526,0.21432845,NORMAL
1774596237456,47.67057,3.169086,-2.40915,1.1334965,0.2536715,NORMAL
1774596238476,46.991142,1.3914565,-1.7850485,1.2986634,0.28486112,NORMAL
1774596239493,47.14509,1.7634231,-1.6845028,1.3681904,0.25712517,NORMAL
1774596240515,45.984653,2.3991387,-1.8421354,1.3792765,0.32130173,UNSTABLE_RIDE
1774596241550,45.489994,1.7864803,-2.1802735,1.1231523,0.310349,NORMAL
1774596242579,45.697197,4.5950637,-1.6769693,1.1458935,0.26688763,NORMAL
1774596243597,44.59752,2.78353,-3.0310388,1.4202071,0.2817136,NORMAL
1774596244611,42.03691,1.1323014,-3.1459262,1.0298992,0.17628294,NORMAL
1774596245647,37.05895,1.003,-1.0191902,0.68544537,0.14140469,NORMAL
1774596246690,30.457771,0.92663926,-0.56993604,0.4844103,0.10071936,NORMAL
1774596247706,24.985064,0.5425051,-0.37809646,0.3213643,0.15028782,NORMAL
1774596248707,21.010239,1.6841984,-0.35379735,0.58932173,0.15785949,NORMAL
1774596249715,17.977345,1.5884098,-0.6740593,0.99633694,0.3064972,NORMAL
1774596250722,15.884007,2.290316,-2.2736201,1.5549785,0.3773221,UNSTABLE_RIDE
1774596251728,15.751205,1.355136,-1.9764097,1.5623591,0.40577605,NORMAL
1774596252742,17.471523,0.80953336,-0.9993707,0.4970735,0.23048343,NORMAL
1774596253743,20.490913,1.9678851,-0.7425783,0.7687961,0.17100266,NORMAL
1774596254760,22.36015,1.2473738,-0.8641752,0.80944824,0.22309598,NORMAL
1774596255795,25.396889,1.1989456,-1.2010305,0.5990622,0.13797656,NORMAL
1774596256812,27.118134,1.2066078,-0.91001594,0.59427696,0.12546791,NORMAL
1774596257834,28.453281,0.86111134,-0.80121356,0.5141145,0.1396065,NORMAL
1774596258858,29.42717,1.163038,-1.7966183,0.62015206,0.121507846,NORMAL
1774596259887,30.097904,1.1542163,-1.6944422,0.5615633,0.10723733,NORMAL
1774596260913,29.765942,1.3510427,-1.7213058,0.53884125,0.11563596,NORMAL
1774596261914,28.659565,1.3619938,-0.66298544,0.53450227,0.1137557,NORMAL
1774596262950,24.610884,0.7842796,-0.5152473,0.44774324,0.10747387,NORMAL
1774596263985,21.99533,1.1215452,-0.4554263,0.7520188,0.11189493,NORMAL
1774596264986,18.4532,1.0381738,-0.6367222,0.7022699,0.13559519,NORMAL
1774596265998,14.41272,1.155762,-1.1203545,0.49871945,0.28121573,NORMAL
1774596267021,12.089232,0.78802234,-0.8571456,0.41617593,0.6547971,NORMAL
1774596268030,11.559139,0.9614504,-1.4073334,0.426843,0.9376135,NORMAL
1774596269035,8.937084,1.2062482,-1.5005893,0.52381605,0.73871714,NORMAL
1774596270054,6.3270507,1.0549796,-0.9428008,0.41468227,0.39885145,NORMAL
1774596271061,6.3270507,1.1150818,-1.0914698,0.3788172,0.13064261,NORMAL
1774596272075,6.3270507,1.357451,-0.94525766,0.4747082,0.19174346,NORMAL
1774596273093,3.7962306,0.932996,-0.7959736,0.3449709,0.23997742,NORMAL
1774596274105,3.7962306,0.24594721,-0.6152545,0.21404725,0.11307611,NORMAL
1774596275118,3.7962306,0.31215134,-0.21074279,0.16503948,0.052782428,NORMAL
1774596276133,3.7962306,0.43334594,-0.4930149,0.30631918,0.15666518,NORMAL
1774596277150,3.7962306,0.8082529,-1.3518447,0.7757265,0.19803356,NORMAL
1774596278149,3.7962306,0.07563883,-0.020338293,0.06570239,0.018892825,NORMAL
1774596279169,2.2777383,8.6281373E-4,-6.3154893E-4,0.002953293,0.0010062641,NORMAL
1774596280181,2.2777383,1.0533245,-0.5587646,0.39183208,0.052688915,NORMAL
1774596281185,2.2777383,0.45641804,-0.5899178,0.37698513,0.050227396,NORMAL
1774596282201,2.2777383,0.023855025,-0.07462907,0.04980289,0.0066450355,NORMAL
1774596283209,2.2777383,0.0035405236,-0.010072412,0.015139912,0.0016643177,NORMAL
1774596284221,2.2777383,0.001825953,-0.0011149498,0.004547286,7.219874E-4,NORMAL
1774596285237,2.2777383,4.214344E-4,-3.1659057E-4,0.0028035056,5.005312E-4,NORMAL
1774596286250,2.2777383,2.245973E-4,-2.6681984E-4,0.0021730135,4.753021E-4,NORMAL
1774596287260,2.2777383,2.3827869E-4,-1.8392777E-4,0.0017869637,4.4091424E-4,NORMAL
1774596288270,2.2777383,3.5892738E-4,-3.8941504E-4,0.0019728104,4.7495507E-4,NORMAL
1774596289272,2.2777383,1.8058301E-4,-3.645055E-4,0.0020313626,4.7439852E-4,NORMAL
1774596290286,2.2777383,2.9002814E-4,-3.3554586E-4,0.002318012,5.1210495E-4,NORMAL
1774596291302,2.2777383,0.0035601766,-0.014073479,0.01562687,0.0013235823,NORMAL
1774597167415,0.0,6.3177,-2.9191914,1.0539963,0.70133394,NORMAL
1774597168433,0.0,7.7213826,-8.145285,2.7587771,3.7984,HARSH_ACCELERATION
1774597169464,0.0,6.6653576,-0.4524768,2.106318,0.71760327,NORMAL
1774597170490,0.0,0.49397495,-0.29538888,0.16495137,0.14073806,NORMAL
1774597201944,0.0,0.39285743,-0.47858134,0.16577071,0.09327615,NORMAL
1774597221536,0.0,1.7501229,-0.9654187,0.5226166,0.36660284,NORMAL
1774597222539,0.0,7.6348033,-9.752567,2.2103531,0.8930898,HARSH_ACCELERATION
1774597223549,0.0,7.5230517,-6.9048004,2.0340962,2.4021657,NORMAL
1774598817411,0.0,2.6546154,-7.0345287,2.4721284,2.1953812,HARSH_BRAKING
1774598818432,0.40284982,7.280009,-5.8506,3.053647,6.486818,NORMAL
1774598819448,2.8871977,8.178468,-5.7378244,2.9518216,6.421847,HARSH_ACCELERATION
1774598820471,4.1031094,7.546444,-2.6163988,2.2462828,2.9044442,NORMAL
1774599666362,0.0,4.726005,-8.01577,2.6486013,1.1676161,HARSH_BRAKING
1774599667361,0.0,6.266787,-7.90664,2.837317,3.94647,NORMAL
1774599668375,0.0,4.4463325,-1.6720115,1.8450359,1.6602119,NORMAL
1774599669384,0.26204625,1.3307387,-1.1303723,0.42302647,0.3033616,NORMAL
1774610683146,0.0,0.5498075,-0.51945674,0.19786853,0.32952157,NORMAL
1774610684147,0.0,0.62347823,-3.547791,0.4904876,0.62181884,NORMAL
1774610685155,0.0,6.2720094,-4.4726024,2.4344847,1.8888994,UNSTABLE_RIDE
1774610686165,0.0,5.449975,-0.32405916,1.856565,1.0593337,NORMAL
1774610687193,0.0,0.2381659,-0.27745995,0.092474476,0.15340227,NORMAL
1774612332854,0.0,0.37856102,-0.44182482,0.22717305,0.05224895,NORMAL
1774612333852,0.67679995,0.6283067,-0.2982877,0.22317262,0.06488815,NORMAL
1774612334884,1.24128,1.1427445,-1.7308278,0.53609467,0.11971056,NORMAL
1774612335906,0.744768,1.1908427,-1.675177,0.57798445,0.19035025,NORMAL
1774612336928,5.774861,1.3590468,-2.024208,0.5938616,0.24057509,NORMAL
1774612337931,10.557422,1.1585157,-2.0077384,0.6336671,0.3438391,NORMAL
1774612338958,15.1616535,1.5690947,-2.1460562,0.82726496,0.4380343,NORMAL
1774612339991,18.687393,2.203408,-1.4726672,1.0090907,0.53988427,NORMAL
1774612341002,21.969236,1.4434509,-1.530275,0.7747845,0.56061524,NORMAL
1774612342028,25.205544,1.4329146,-2.5816438,0.8926279,0.64334685,NORMAL
1774612343047,29.147596,2.4833584,-2.3478174,0.9144982,0.76237994,NORMAL
1774612344071,29.037357,1.938909,-1.3158256,1.022817,0.5582481,NORMAL
1774612345093,29.316814,2.9629374,-1.830198,0.86780375,0.5160785,NORMAL
1774612346137,28.879688,1.6329781,-1.3382194,1.0237556,0.45175245,NORMAL
1774612347192,30.129414,0.83367735,-1.1865481,0.6599691,0.32867968,NORMAL
1774612348204,31.397648,1.6668385,-2.530755,1.0590956,0.51179457,NORMAL
1774612349230,32.475388,3.137398,-3.6887224,1.2563156,0.6604521,NORMAL
1774612350276,32.747635,3.042239,-3.6489182,1.2902322,0.9285169,NORMAL
1774612351285,33.702984,2.3234148,-2.180437,1.3293128,0.64785707,NORMAL
1774612352316,34.46339,2.7148914,-0.93424356,0.7909146,0.5573148,NORMAL
1774612353353,35.193237,2.650821,-2.7378492,1.3734834,0.6469134,NORMAL
1774612354375,35.933544,2.691318,-4.1784444,1.3999882,0.63859165,NORMAL
1774612355396,36.63693,1.8023906,-1.85608,1.031014,0.36551556,NORMAL
1774612356414,37.03016,2.2298772,-1.3089128,1.0521973,0.32997227,NORMAL
1774612357445,37.050095,3.0309713,-2.1470559,1.0782727,0.31903547,NORMAL
1774612358474,36.673256,2.8766663,-2.1089003,1.0979668,0.436063,NORMAL
1774612359488,35.179955,1.575354,-0.9432825,0.84153324,0.31030768,NORMAL
1774612360508,34.312775,1.5547047,-1.0295429,0.7051607,0.28211617,NORMAL
1774612361519,33.778065,1.1162527,-2.0887613,0.9645891,0.33789396,NORMAL
1774612362552,32.60764,2.5630972,-2.2155597,1.0815915,0.38031363,NORMAL
1774612363583,31.026985,1.9607996,-1.8249177,0.8342733,0.33109218,NORMAL
1774612364605,28.739391,1.9457247,-1.878741,0.96992487,0.4055762,NORMAL
1774612365627,26.517235,1.9271533,-1.4042783,0.9311855,0.5195479,NORMAL
1774612366656,23.571142,1.943847,-1.5900769,0.88744247,0.4340916,NORMAL
1774612367678,20.478685,1.6309007,-1.5946406,0.94855124,0.303146,NORMAL
1774612368702,17.672812,0.69092256,-0.6079039,0.44169447,0.3176994,NORMAL
1774612369720,15.442087,1.122579,-2.4751472,0.7185551,0.3925079,NORMAL
1774612370747,15.140453,1.323549,-2.3899202,0.75574785,0.3841766,NORMAL
1774612371772,15.161072,0.9335478,-1.2478064,0.4207316,0.21590494,NORMAL
1774612372792,13.848643,0.7870403,-1.322871,0.6708684,0.1855088,NORMAL
1774612373796,11.433987,1.0548477,-0.7374053,0.30344418,0.12615535,NORMAL
1774612374827,8.026793,1.013936,-0.5402913,0.30035254,0.1318091,NORMAL
1774612375846,8.026793,0.4048221,-0.21838272,0.1525937,0.057579476,NORMAL
1774612376867,8.026793,0.21593332,-0.15080726,0.11304811,0.026511747,NORMAL
1774612377888,8.026793,0.20838404,-0.09067261,0.13103902,0.056294337,NORMAL
1774612378917,8.026793,0.46559012,-0.42785227,0.19578132,0.23795591,NORMAL
1774612379941,6.140876,0.5514396,-0.38136423,0.21827987,0.23646149,NORMAL
1774612380964,6.3917255,0.71181524,-0.8906697,0.3386246,0.22086829,NORMAL
1774612381986,7.9966354,2.839069,-2.404391,0.804211,0.61465347,NORMAL
1774612383019,9.161181,2.2760508,-1.6267729,0.65880924,0.55372363,NORMAL
1774612384028,10.493509,1.3350518,-1.002836,0.5437573,0.3204976,NORMAL
1774612385034,12.473705,1.1100738,-1.9039358,0.58378845,0.24196364,NORMAL
1774612386044,18.691814,2.0445678,-1.6619152,0.7012916,0.257861,NORMAL
1774612387062,22.015089,1.5563397,-1.9607389,0.7200903,0.22265105,NORMAL
1774612388091,25.492252,1.6316458,-1.2909915,0.70932496,0.23148425,NORMAL
1774612389114,28.039352,1.4257504,-1.3470232,0.74188805,0.21926208,NORMAL
1774612390127,30.417212,1.0369194,-1.6657727,0.69087803,0.22585306,NORMAL
1774612391144,31.757526,1.3957982,-0.8281987,0.7808059,0.28467998,NORMAL
1774612392166,31.841717,1.0998412,-1.4022992,0.6940015,0.32768136,NORMAL
1774612393198,31.013832,1.037538,-1.0906448,0.56822246,0.33032793,NORMAL
1774612394228,29.7971,2.2115066,-1.7342731,0.74773216,0.38339388,NORMAL
1774612395261,29.47026,1.1757584,-1.5609171,0.90183836,0.34117183,NORMAL
1774612396270,30.066158,3.2401304,-1.2457163,0.7208408,0.3351098,NORMAL
1774612397290,31.215694,3.216625,-1.2137883,0.8401244,0.37476867,NORMAL
1774612398319,32.59662,1.6983507,-1.2855158,0.7427868,0.37006903,NORMAL
1774612399336,33.87157,1.5689393,-1.3516791,0.783126,0.36506596,NORMAL
1774612400342,34.823742,1.52323,-1.3457167,0.7576016,0.29269132,NORMAL
1774612401367,35.063847,1.5424057,-1.1409196,0.62665796,0.27301845,NORMAL
1774612402395,34.603107,1.7492962,-0.9876748,0.6926504,0.3511467,NORMAL
1774612403418,33.433865,4.131955,-1.1998997,1.2257465,0.359897,NORMAL
1774612404441,30.81712,1.2326969,-1.6000161,0.7080218,0.19049099,NORMAL
1774612405455,27.979874,1.1550927,-0.99999684,0.56875956,0.16152199,NORMAL
1774612406491,25.931927,0.7856132,-1.1951612,0.5834349,0.1400508,NORMAL
1774612407502,24.299957,1.1585615,-1.0638058,0.6114574,0.12629567,NORMAL
1774612408514,22.903175,1.169691,-0.9022461,0.5707436,0.1259142,NORMAL
1774612409536,21.561106,0.85691977,-0.7479377,0.50273615,0.25774226,NORMAL
1774612410569,20.107864,1.0075783,-1.1521549,0.5626585,0.4440945,NORMAL
1774612411591,18.71752,1.3006728,-1.1210334,0.4974667,0.38805214,NORMAL
1774612412619,17.523312,1.25957,-1.4125453,0.65034103,0.4569117,NORMAL
1774612413641,17.296387,1.9852134,-2.5210338,1.2419612,0.46469063,NORMAL
1774612414670,18.312233,2.337625,-3.6188357,1.5563604,0.3415395,NORMAL
1774612415692,20.18894,2.9950025,-0.96345884,1.0693656,0.26724628,NORMAL
1774612416703,22.668564,3.1603408,-2.817501,1.6230727,0.3129855,NORMAL
1774612417722,25.524338,4.5018573,-3.7102857,1.7440021,0.5807587,NORMAL
1774612418761,26.489002,3.0190427,-3.9867532,1.7288587,0.443011,NORMAL
1774612419766,29.530201,2.8283908,-2.3267176,1.5485657,0.32580546,NORMAL
1774612420777,32.56452,3.1257484,-3.999358,1.5003734,0.4054627,NORMAL
1774612421804,34.701912,2.2096438,-4.0129538,1.2847788,0.40559748,NORMAL
1774612422855,36.157146,1.8721775,-2.0224879,1.0348022,0.37809536,NORMAL
1774612423885,36.382286,2.3158786,-1.1573768,0.81869006,0.3778157,NORMAL
1774612424892,35.79737,2.1311498,-1.439495,0.8161356,0.45016846,NORMAL
1774612425921,35.07202,2.595594,-1.1502923,1.1096177,0.48531136,NORMAL
1774612426946,34.363213,2.7661774,-2.2926261,1.1412578,0.39082065,NORMAL
1774612427968,33.347527,1.775169,-1.7216727,0.82631564,0.32084164,NORMAL
1774612428988,32.536514,1.604531,-1.664812,0.7966593,0.2667759,NORMAL
1774612430028,32.13631,1.1396034,-1.4093581,0.7119576,0.33750275,NORMAL
1774612431076,31.181873,1.1164962,-0.9037583,0.57554597,0.30937755,NORMAL
1774612432089,31.093126,1.3537756,-1.6612537,0.7566499,0.26801887,NORMAL
1774612433129,31.327877,1.0750182,-1.4028447,0.70796365,0.2635128,NORMAL
1774612434147,31.223927,1.5542008,-1.097459,0.5817965,0.29757723,NORMAL
1774612435174,31.593555,2.8438444,-1.9527346,1.196854,0.3627984,NORMAL
1774612436196,32.333736,1.3215926,-1.2543838,1.1031944,0.30431676,NORMAL
1774612437225,33.13784,1.4283019,-1.461706,0.71706533,0.2970117,NORMAL
1774612438253,33.447506,1.1687781,-0.7940024,0.5153911,0.31279153,NORMAL
1774612439263,32.970905,0.7840663,-0.7419466,0.39564422,0.2431507,NORMAL
1774612440287,32.195343,0.8489188,-0.9009924,0.5517688,0.28132814,NORMAL
1774612441308,32.176407,1.3563623,-0.90731615,0.67419595,0.27662858,NORMAL
1774612442331,32.121845,1.4169722,-1.9195254,0.6270414,0.2754722,NORMAL
1774612443331,32.276306,1.3673179,-1.3337791,0.6496798,0.2901098,NORMAL
1774612444363,32.872982,1.3896646,-0.9274198,0.70583534,0.2618821,NORMAL
1774612445392,33.82139,0.948982,-1.2722902,0.6005237,0.2290542,NORMAL
1774612446413,35.21123,1.5284704,-1.3314345,0.61540645,0.21048792,NORMAL
1774612447434,36.69314,1.5271124,-0.94284457,0.5558182,0.1807546,NORMAL
1774612448472,37.582283,1.0368546,-1.0398108,0.49341813,0.15362649,NORMAL
1774612449492,37.88537,2.133315,-1.3407645,0.702827,0.16518734,NORMAL
1774612450498,37.21762,1.10853,-1.4028571,0.7127779,0.17664465,NORMAL
1774612451534,36.183372,2.4358604,-1.2056103,0.9579547,0.25173685,NORMAL
1774612452554,34.396423,1.8391247,-1.8488653,1.1903086,0.30846816,NORMAL
1774612453599,31.495457,1.0828215,-1.0524688,0.758337,0.19777456,NORMAL
1774612454611,27.882874,4.2805753,-2.774317,1.13577,0.43147418,NORMAL
1774612455641,24.721725,3.8340971,-2.7526736,1.2535425,0.38614237,NORMAL
1774612456643,23.098637,1.1053916,-1.319979,0.6882339,0.1999516,NORMAL
1774612457674,23.478382,1.2571785,-1.1614907,0.91260564,0.20399536,NORMAL
1774612458711,24.58463,1.8727891,-1.7221487,0.79910856,0.20116848,NORMAL
1774612459726,25.939579,0.85166967,-1.23855,0.6542811,0.18507746,NORMAL
1774612460734,26.997349,0.94221884,-0.96868676,0.6069714,0.16038322,NORMAL
1774612461752,27.516811,2.0297847,-1.0221702,0.6368613,0.16959934,NORMAL
1774612462755,27.698887,1.56802,-1.0344151,0.5689873,0.18593636,NORMAL
1774612463786,27.995335,1.1417589,-1.0306926,0.5824209,0.15598327,NORMAL
1774612464819,27.8564,0.9283222,-0.79129416,0.41552722,0.0945919,NORMAL
1774612465835,26.49144,0.68801594,-0.6377052,0.35180587,0.07929051,NORMAL
1774612466856,24.491665,0.8301069,-0.49168408,0.3843824,0.08304463,NORMAL
1774612467875,22.1398,0.8832185,-0.87900937,0.37105557,0.0853779,NORMAL
1774612468910,20.05188,0.80372846,-0.6575062,0.28962022,0.099809684,NORMAL
1774612469934,18.511127,1.0369803,-0.77409685,0.37075266,0.18198065,NORMAL
1774612470930,17.629877,1.4536136,-1.2155666,0.49453878,0.23807319,NORMAL
1774612471958,17.590727,1.6162678,-1.33524,0.743084,0.34402323,NORMAL
1774612473000,18.157637,1.4767153,-1.4950835,0.6002895,0.24151658,NORMAL
1774612474008,18.915382,2.1758728,-1.7631382,1.4373833,0.28637934,NORMAL
1774612475048,19.18283,2.179929,-1.8262235,0.84168506,0.25191373,NORMAL
1774612476057,18.18966,1.9405586,-2.070549,0.67823863,0.28471437,NORMAL
1774612477082,18.574596,1.2053412,-1.760561,0.7480969,0.38454264,NORMAL
1774612478082,19.43916,2.0868573,-1.709586,1.4196148,0.46116307,NORMAL
1774612479117,21.095497,2.0179985,-1.5748706,1.276324,0.33733413,NORMAL
1774612480129,23.471699,1.510595,-1.2225989,0.95025146,0.23573156,NORMAL
1774612481156,25.60302,1.2483816,-1.5378506,1.137228,0.21574688,NORMAL
1774612482161,27.544212,1.45212,-0.9858357,0.7966283,0.19208048,NORMAL
1774612483182,30.091328,2.4698842,-1.5065038,1.1388056,0.21246202,NORMAL
1774612484205,32.93,6.360354,-1.8761592,1.3901542,0.35545996,NORMAL
1774612485211,35.8284,2.515029,-1.7456037,1.2206627,0.3128485,NORMAL
1774612486235,37.81224,2.0512552,-1.5298817,0.8489069,0.21906605,NORMAL
1774612487270,40.212147,2.0456583,-1.242186,0.8520085,0.19784509,NORMAL
1774612488290,42.890488,1.9225692,-2.7033265,1.0226454,0.20290998,NORMAL
1774612489313,45.563095,1.1901035,-2.0068488,0.84023935,0.18004863,NORMAL
1774612490335,47.81466,1.6983812,-3.4995322,0.9718649,0.17405215,NORMAL
1774612491372,49.5112,1.4632562,-2.854813,1.44783,0.19262357,NORMAL
1774612492395,50.57232,1.5390719,-1.6620079,1.0731772,0.170243,NORMAL
1774612493408,50.94979,2.2013688,-1.5212193,0.9042767,0.18375164,NORMAL
1774612494428,50.067474,2.065257,-1.4335574,0.88712615,0.15654962,NORMAL
1774612495454,48.299683,1.6286097,-1.4693398,0.72921497,0.13051593,NORMAL
1774612496482,46.07261,1.3782885,-1.3236041,0.7267252,0.12620433,NORMAL
1774612497482,43.454765,1.1503589,-1.5399561,0.7546215,0.1190335,NORMAL
1774612498516,39.33526,4.0688305,-2.1486385,1.5540248,0.25577483,NORMAL
1774612499546,33.465157,5.1700287,-4.3528743,2.087142,0.43989083,NORMAL
1774612500576,28.963894,1.9905694,-1.150895,0.5766746,0.13612972,NORMAL
1774612501594,26.349537,2.0410767,-2.2878196,1.1729949,0.27732208,NORMAL
1774612502609,26.393723,2.082193,-2.4727004,1.1182946,0.35367516,NORMAL
1774612503639,27.989834,1.8651477,-2.4076247,1.0381055,0.25672144,NORMAL
1774612504660,29.6819,2.5551107,-1.3284696,0.9385733,0.25062388,NORMAL
1774612505669,31.085941,2.557257,-4.313464,1.2220464,0.3087447,NORMAL
1774612506703,33.109165,2.35177,-4.245474,1.2189215,0.31081265,NORMAL
1774612507734,35.4463,2.0837226,-1.1204787,1.0596178,0.2677104,NORMAL
1774612508752,37.33818,1.66083,-1.7704351,0.84356046,0.22636992,NORMAL
1774612509772,38.38691,2.0364993,-1.7932243,1.2079002,0.377189,NORMAL
1774612510785,39.72175,3.187292,-1.5963984,1.1951238,0.3965174,NORMAL
1774612511809,41.21385,1.6284912,-1.781026,1.0729016,0.34378996,NORMAL
1774612512813,42.75711,1.726996,-2.2384994,1.1358223,0.35994124,NORMAL
1774612513849,44.014267,1.6471511,-1.1258993,0.8450821,0.20080455,NORMAL
1774612514866,45.07096,1.5602936,-1.0950115,0.875887,0.22517306,NORMAL
1774612515885,46.15138,2.4342613,-1.3983569,1.0359998,0.19126472,NORMAL
1774612516902,47.18843,1.4554702,-1.4182693,0.73786044,0.17433295,NORMAL
1774612517931,47.234657,1.8564725,-1.7403038,0.8620161,0.22157744,NORMAL
1774612518962,46.455994,1.7072737,-1.9491012,0.85489553,0.24043182,NORMAL
1774612519995,45.182396,1.2269298,-1.2921386,0.70794225,0.15706514,NORMAL
1774612520995,43.453438,3.1265557,-3.8017502,1.8599871,0.30420142,NORMAL
1774612522031,41.249664,4.1303434,-3.7804437,1.9326266,0.2374229,NORMAL
1774612523062,33.639,3.2686968,-4.1437654,1.8897572,0.25079054,NORMAL
1774612524082,29.255402,2.9211247,-4.11979,1.9010946,0.3395717,NORMAL
1774612525094,26.567642,1.5191195,-0.8228249,0.609926,0.13712983,NORMAL
1774612526124,26.034986,1.3815722,-1.2235222,0.59428054,0.138818,NORMAL
1774612527135,25.974592,0.92068887,-1.4555341,0.59588957,0.17812675,NORMAL
1774612528166,25.376755,2.3649516,-1.1596576,0.7262656,0.29532754,NORMAL
1774612529188,25.594051,1.6079581,-1.5715301,0.8393713,0.26751912,NORMAL
1774612530220,25.767632,4.5750146,-1.0830387,1.0366293,0.16326661,NORMAL
1774612531235,26.058979,1.0427716,-1.1543773,1.0339781,0.16646966,NORMAL
1774612532271,26.190588,1.0057514,-1.169735,0.75297385,0.18814868,NORMAL
1774612533304,25.059952,1.9138737,-4.842448,1.2924658,0.2882513,NORMAL
1774612534312,23.848772,3.1109712,-2.1900184,1.5679004,0.32291478,NORMAL
1774612535330,23.366863,2.0660725,-5.3693438,1.383497,0.25588495,NORMAL
1774612536349,23.75452,2.349725,-5.4017396,1.6862189,0.24720258,NORMAL
1774612537356,24.937513,2.2038069,-2.5533168,0.9018718,0.21833828,NORMAL
1774612538375,26.741709,1.6599383,-1.5379102,0.7979992,0.24418211,NORMAL
1774612539421,29.005026,1.4703376,-1.484629,0.7722837,0.21490195,NORMAL
1774612540443,31.327816,1.1943629,-1.6737208,0.6622881,0.15503176,NORMAL
1774612541460,33.36949,1.0732843,-1.8891392,0.6862824,0.11238456,NORMAL
1774612542486,34.191296,1.5475479,-4.011978,1.0505066,0.13384661,NORMAL
1774612543515,34.81398,1.7124858,-1.8100045,1.0183902,0.16247927,NORMAL
1774612544540,35.67719,1.0050373,-2.0820718,0.91810566,0.13274588,NORMAL
1774612545569,36.598316,3.1197965,-1.1799284,0.61829674,0.115685806,NORMAL
1774612546582,37.43899,1.9062331,-1.1015997,0.70516104,0.117374614,NORMAL
1774612547602,38.245796,1.7461329,-1.1922057,0.647739,0.12903799,NORMAL
1774612548625,38.830677,0.9212633,-1.0387099,0.65153307,0.10285061,NORMAL
1774612549655,39.008804,0.99943453,-0.83954287,0.5763503,0.0934516,NORMAL
1774612550667,38.885284,1.1488591,-1.1396902,0.69441617,0.10517142,NORMAL
1774612551708,38.667168,2.3015275,-1.0134094,0.998418,0.12093442,NORMAL
1774612552729,38.118702,1.5260699,-1.0450205,1.0251173,0.12117819,NORMAL
1774612553751,37.24242,2.181337,-1.5547276,1.3771604,0.16485868,NORMAL
1774612554797,35.708652,1.0489368,-1.2625515,0.5531994,0.10196254,NORMAL
1774612555830,33.60759,0.7727798,-1.0452273,0.6370692,0.08514323,NORMAL
1774612556850,31.742153,1.1194727,-1.8460586,0.9627775,0.11036319,NORMAL
1774612557880,29.917294,1.4601344,-1.461418,1.0431918,0.1260443,NORMAL
1774612558910,26.619175,0.7725425,-0.896941,0.75392354,0.085803874,NORMAL
1774612559936,22.552305,1.0529566,-0.7731472,0.47851238,0.08110167,NORMAL
1774612560944,18.614584,1.2862419,-1.1060132,0.4027104,0.15110755,NORMAL
1774612561977,15.359151,1.4286973,-0.9811124,0.5189686,0.27802044,NORMAL
1774612562993,13.017092,1.4815699,-1.5139054,0.5850697,0.23272401,NORMAL
1774612563996,12.519055,0.6911304,-0.9329117,0.33949113,0.19955751,NORMAL
1774612565018,12.868234,1.0259936,-1.2551199,0.5209121,0.26385275,NORMAL
1774612566039,14.698165,1.0184231,-1.237298,0.5075264,0.18688664,NORMAL
1774612567047,16.4221,0.7345607,-1.1058608,0.592684,0.1892315,NORMAL
1774612568071,17.514061,1.3663428,-1.1962911,0.5765511,0.21985452,NORMAL
1774612569099,18.615637,2.53448,-1.5506516,0.71854025,0.23745973,NORMAL
1774612570124,20.370983,1.3316694,-1.3054469,0.7611387,0.123450175,NORMAL
1774612571132,22.691391,0.97109735,-1.2956837,0.60390896,0.12730671,NORMAL
1774612572151,23.709236,1.0497712,-0.8418715,0.6136439,0.15860382,NORMAL
1774612573165,24.579142,0.8935537,-1.0488842,0.5812401,0.18511872,NORMAL
1774612574179,25.245085,1.31029,-1.214689,0.5797071,0.14209417,NORMAL
1774612575203,25.774252,1.2204635,-2.5097725,0.85104585,0.11949681,NORMAL
1774612576240,26.955751,1.1902256,-1.4188238,0.7679129,0.130653,NORMAL
1774612577244,28.658253,2.2708256,-1.3972048,0.8084928,0.14308167,NORMAL
1774612578269,30.63015,1.1767691,-1.6625687,0.8007017,0.13317348,NORMAL
1774612579272,32.28849,1.6292814,-1.2817805,0.76941764,0.11785347,NORMAL
1774612580286,33.485092,1.5147324,-1.4720452,0.799258,0.13733348,NORMAL
1774612581295,34.865456,1.8532249,-1.6389672,1.2331765,0.17246832,NORMAL
1774612582317,36.168873,1.4073443,-1.6031795,1.2359798,0.1781051,NORMAL
1774612583338,37.454926,0.82406133,-2.402433,0.6514167,0.14529051,NORMAL
1774612584364,38.615356,1.3406982,-1.1918414,0.89357126,0.1688448,NORMAL
1774612585403,39.498817,4.215793,-1.3044871,1.0331948,0.16808762,NORMAL
1774612586435,40.05769,1.2277635,-1.7765392,0.748389,0.13822927,NORMAL
1774612587469,39.67301,1.2770524,-0.6246123,0.7525505,0.1141664,NORMAL
1774612588481,38.664608,1.2047852,-0.8124143,0.41484883,0.08269332,NORMAL
1774612589497,36.518764,1.0669377,-1.0671886,0.6468072,0.08959393,NORMAL
1774612590518,33.35926,1.0587435,-1.105114,0.8762351,0.0908144,NORMAL
1774612591553,28.669956,4.338747,-2.2726462,1.8323927,0.35524482,NORMAL
1774612592565,24.488375,3.587087,-2.756348,1.344379,0.28446782,NORMAL
1774612593585,21.893026,0.71293163,-1.4278314,0.5136043,0.14239384,NORMAL
1774612594618,20.883017,0.70822984,-0.7271232,0.5049101,0.1510861,NORMAL
1774612595643,20.04661,0.81662893,-0.50049347,0.35221517,0.2162143,NORMAL
1774612596659,18.738365,1.1050657,-1.7092605,0.6524475,0.20501542,NORMAL
1774612597679,16.527819,0.67890096,-0.7801037,0.29925016,0.16134606,NORMAL
1774612598701,14.683092,0.7232127,-0.8723006,0.2649591,0.3479691,NORMAL
1774612599731,13.662655,0.67282623,-0.75234085,0.3389826,0.53569245,NORMAL
1774612600752,13.655193,1.4227679,-0.8065032,0.58018005,0.4703325,NORMAL
1774612601752,14.097116,1.0820096,-0.7783741,0.613317,0.264381,NORMAL
1774612602783,15.355869,2.015931,-1.4497535,0.7159771,0.18774123,NORMAL
1774612603792,17.43592,1.8648078,-2.2832186,0.88148427,0.22952862,NORMAL
1774612604816,19.562353,2.0975604,-2.2924826,1.1534828,0.2014034,NORMAL
1774612605847,21.399813,2.105739,-2.4509537,1.2917278,0.23954427,NORMAL
1774612606887,22.948689,2.2117195,-2.176296,1.1460891,0.24159469,NORMAL
1774612607899,24.396414,3.1224377,-2.144809,1.8729264,0.29048306,NORMAL
1774612608909,25.89865,2.779239,-2.7914867,1.987513,0.41487008,NORMAL
1774612609928,27.62079,2.2982328,-1.9971626,1.5251069,0.41328627,NORMAL
1774612610949,28.567677,2.2359507,-1.4637167,1.3171332,0.2883137,NORMAL
1774612611982,29.049408,2.2288473,-1.689007,1.0195386,0.16307586,NORMAL
1774612613005,29.842445,1.5217248,-1.5550857,1.3493311,0.18183176,NORMAL
1774612614035,30.721466,1.6555166,-4.945404,1.705502,0.2176453,NORMAL
1774612615039,32.20469,3.5021887,-2.7637432,1.910286,0.3413236,NORMAL
1774612616065,32.988415,2.9896338,-2.5369673,1.601197,0.31451318,NORMAL
1774612617083,34.16425,3.1804392,-1.7133014,1.3831689,0.19538273,NORMAL
1774612618100,35.64735,1.940192,-2.4782343,1.2464244,0.17826417,NORMAL
1774612619109,36.20601,2.2619665,-1.3123914,1.1802218,0.14860153,NORMAL
1774612620152,36.82921,1.5918393,-2.4575894,0.974961,0.15941635,NORMAL
1774612621179,37.735924,2.4904125,-1.9465606,0.99648434,0.16538754,NORMAL
1774612622213,38.539154,2.120794,-1.377166,0.86286724,0.19172001,NORMAL
1774612623241,38.157093,2.694229,-2.6095567,1.0644656,0.27016056,NORMAL
1774612624261,37.740658,1.9083022,-1.8845294,1.0166293,0.20442891,NORMAL
1774612625289,37.605995,2.1186123,-3.874983,1.6516829,0.3272544,NORMAL
1774612626304,37.683598,2.0106337,-3.2012575,1.6401496,0.24901915,NORMAL
1774612627323,37.91736,1.8158613,-2.052699,1.3975078,0.23887588,NORMAL
1774612628355,38.244816,3.1256714,-2.935015,1.3051003,0.24553797,NORMAL
1774612629364,38.657288,1.7407701,-4.4899616,1.3819599,0.20483772,NORMAL
1774612630387,39.322372,2.6451116,-2.4768589,1.4338559,0.25235945,NORMAL
1774612631404,40.052624,1.3074726,-1.3051466,0.7775536,0.19486186,NORMAL
1774612632415,40.447575,1.1713861,-2.48251,0.8468237,0.16931537,NORMAL
1774612633448,40.842945,1.8064362,-1.661717,0.8936393,0.16470027,NORMAL
1774612634470,40.60497,1.6059155,-2.2082303,0.87075764,0.14221354,NORMAL
1774612635501,39.929382,2.153847,-1.7319399,1.1681192,0.14970273,NORMAL
1774612636521,38.76083,1.0028772,-1.1588482,0.75766253,0.09976453,NORMAL
1774612637546,36.2309,2.412262,-1.159828,0.70523024,0.16619858,NORMAL
1774612638577,33.402542,1.7704742,-1.4759018,0.8496383,0.2873767,NORMAL
1774612639604,31.863926,0.9726809,-1.6131253,0.8528075,0.17790796,NORMAL
1774612640629,31.171156,2.0650673,-1.622076,0.9395886,0.17428727,NORMAL
1774612641641,30.798695,2.0312102,-1.8539215,1.3692591,0.19156694,NORMAL
1774612642672,31.108017,1.4432695,-1.8447866,1.3353807,0.18192878,NORMAL
1774612643689,31.30801,1.1630862,-4.240048,1.6888177,0.24431993,NORMAL
1774612644734,31.341606,1.7360018,-4.681378,2.235308,0.34159657,UNSTABLE_RIDE
1774612645772,29.619364,1.4257799,-2.863156,1.3772216,0.19365129,NORMAL
1774612646792,25.64842,1.3039621,-2.7505684,0.7314537,0.13755877,NORMAL
1774612647803,21.336252,1.2197105,-1.0991364,0.7549419,0.16628776,NORMAL
1774612648828,18.849752,1.1292847,-1.017029,0.7135966,0.1399262,NORMAL
1774612649851,16.925852,2.8944793,-1.1868547,0.7907461,0.14867184,NORMAL
1774612650875,15.872313,1.4900086,-1.9395778,0.85187316,0.14604975,NORMAL
1774612651898,15.355389,1.7760017,-2.3248868,0.90222293,0.17872153,NORMAL
1774612652929,15.146034,3.027217,-3.3823142,1.0149716,0.22727147,NORMAL
1774612653951,15.82682,3.030559,-2.2172892,1.1450125,0.2569987,NORMAL
1774612654982,17.358494,1.044101,-1.8653098,0.76851386,0.17998832,NORMAL
1774612656004,19.602297,5.5234137,-1.5574243,1.5927626,0.3843357,NORMAL
1774612657025,21.726177,5.698481,-3.783903,1.9918582,0.58027446,NORMAL
1774612658068,19.839664,4.4229903,-6.4381094,2.4513702,0.48698443,UNSTABLE_RIDE
1774612659083,16.4254,3.435066,-1.4242367,1.2296237,0.41399336,NORMAL
1774612660088,14.63604,2.3208919,-1.4194477,0.8549772,0.21629237,NORMAL
1774612661092,14.887224,1.868971,-1.3667238,0.70058686,0.1794827,NORMAL
1774612662115,16.477934,1.7780707,-1.8840206,0.8218181,0.19083007,NORMAL
1774612663135,19.20356,1.6577477,-1.1704808,0.57388,0.15701918,NORMAL
1774612664153,21.472538,1.7745252,-2.8616247,0.88021624,0.18508542,NORMAL
1774612665197,24.590723,3.1446304,-4.9012375,1.4592116,0.5447678,NORMAL
1774612666231,27.829636,6.639767,-4.930918,2.323077,1.3279241,HARSH_ACCELERATION
1774612667240,30.521782,7.571932,-3.314497,1.9041836,0.7240783,NORMAL
1774612668259,30.27947,4.7777143,-2.5206115,2.0403817,0.5354604,NORMAL
1774612669258,28.521282,2.549699,-2.924985,1.931149,0.40027452,NORMAL
1774612670285,26.42957,1.5090692,-2.3494842,1.3435174,0.24476388,NORMAL
1774612671309,24.872143,2.1695838,-1.2298871,0.76206654,0.18290003,NORMAL
1774612672324,23.332886,3.3402233,-1.3023318,1.2512006,0.7204211,NORMAL
1774612673347,21.775732,3.7862716,-1.6565465,1.3436339,0.7143603,NORMAL
1774612674356,20.03504,2.1512487,-2.6051426,1.2055361,0.36135307,NORMAL
1774612675374,18.270626,0.73445755,-0.9539198,0.58315146,0.15279287,NORMAL
1774612676400,18.248775,0.90985715,-1.3249744,0.49393278,0.12688361,NORMAL
1774612677440,18.696465,1.5894305,-0.85124767,0.5187666,0.13870907,NORMAL
1774612678455,19.253078,1.0952574,-1.5443387,0.6122972,0.106309846,NORMAL
1774612679482,20.148647,1.3900323,-0.98750764,0.6478458,0.10028738,NORMAL
1774612680498,20.858788,3.2619846,-3.2038414,1.3280977,0.18579839,NORMAL
1774612681522,20.651274,3.2731607,-9.359065,1.5777599,0.32340267,HARSH_BRAKING
1774612682550,19.864365,2.4861903,-5.33487,1.8174626,0.4109588,NORMAL
1774612683587,19.089819,2.261153,-2.1695604,1.0629183,0.35275304,NORMAL
1774612684613,18.59629,3.147408,-3.741401,1.6921607,0.607036,NORMAL
1774612685643,18.501774,1.4963833,-0.8685381,0.56872314,0.26708943,NORMAL
1774612686681,18.416265,0.4812333,-0.80505365,0.37764734,0.18656982,NORMAL
1774612687706,17.644958,0.44337103,-0.36757982,0.23704757,0.13116764,NORMAL
1774612688730,16.606174,0.6025671,-0.50566673,0.20265572,0.1501659,NORMAL
1774612689728,15.421305,1.5521562,-0.86836195,0.4115771,0.19984655,NORMAL
1774612690751,14.638383,1.0303336,-1.1910312,0.5225131,0.2619891,NORMAL
1774612691780,14.687031,1.3342035,-1.647501,0.9686325,0.18396005,NORMAL
1774612692803,14.716219,0.56441724,-1.1820451,0.48443425,0.15828042,NORMAL
1774612693821,13.437732,1.0970113,-0.90901387,0.56869507,0.24504381,NORMAL
1774612694847,11.057839,1.0768371,-1.216084,0.334878,0.51477486,NORMAL
1774612695879,8.737104,1.43279,-1.0822201,0.38063195,0.6506174,NORMAL
1774612696892,6.437463,0.77091724,-0.6889398,0.3011318,0.41724023,NORMAL
1774612697916,4.9856777,0.42678365,-0.73664993,0.2555804,0.31849253,NORMAL
1774612698947,5.1226068,0.41772208,-0.62765205,0.21395577,0.3469201,NORMAL
1774612699970,5.1183643,1.0222678,-0.5942142,0.3792024,0.39776304,NORMAL
1774612700988,5.2310185,0.32461283,-1.0135893,0.31992632,0.40379944,NORMAL
1774612702010,7.0554113,0.9544958,-0.9815945,0.44686314,0.31474653,NORMAL
1774612703036,8.167468,0.80521107,-0.6186809,0.40508392,0.34805322,NORMAL
1774612704061,8.167468,0.70074993,-0.7638984,0.3483188,0.2989536,NORMAL
1774612705085,8.397888,0.83807373,-0.69452065,0.30244198,0.1210535,NORMAL
1774612706085,7.731533,0.64017284,-0.51902646,0.28642577,0.1947132,NORMAL
1774612707119,6.7125196,0.8744642,-0.46800607,0.23881693,0.41796046,NORMAL
1774612708137,6.1587124,0.44069558,-1.0759625,0.49354142,0.45189276,NORMAL
1774612709164,6.3016276,0.8234225,-0.63897717,0.29294702,0.334309,NORMAL
1774612710186,6.7761765,0.5428572,-0.8319327,0.29127795,0.19501512,NORMAL
1774612711214,7.2913065,1.0032945,-0.74483085,0.33513844,0.22321415,NORMAL
1774612712230,8.017984,0.9562274,-1.1678851,0.52136916,0.28171504,NORMAL
1774612713254,8.338791,1.0081133,-0.9177284,0.48292688,0.26425675,NORMAL
1774612714279,8.790475,0.9916309,-0.78161544,0.43982077,0.23538384,NORMAL
1774612715310,9.392685,0.99553424,-1.095265,0.41443896,0.17747664,NORMAL
1774612716330,9.624411,1.1111698,-1.0191457,0.35795918,0.14617135,NORMAL
1774612717354,9.590647,0.9255037,-0.7741434,0.34138203,0.16344556,NORMAL
1774612718390,9.426388,0.94631624,-0.7447667,0.451186,0.15494077,NORMAL
1774612719402,9.356632,0.73309517,-0.79852396,0.37653026,0.17481571,NORMAL
1774612720428,9.228379,1.6004918,-1.0035689,0.65772283,0.14105818,NORMAL
1774612721444,9.021828,0.8923465,-0.7862678,0.48698303,0.14092429,NORMAL
1774612722482,8.969897,0.8366981,-0.7857723,0.41669592,0.12345812,NORMAL
1774612723498,9.241138,0.52506286,-0.94000643,0.36221713,0.10594426,NORMAL
1774612724504,9.418283,0.78869236,-0.625676,0.32181084,0.10624773,NORMAL
1774612725526,9.59657,1.1682627,-1.2311016,0.5078464,0.112975255,NORMAL
1774612726556,9.588343,1.0783937,-0.76897305,0.43211603,0.10855398,NORMAL
1774612727571,9.353006,0.5200512,-0.48504198,0.31581703,0.16656959,NORMAL
1774612728595,8.751004,0.9364946,-0.53637546,0.37233487,0.32677087,NORMAL
1774612729615,7.8138027,0.73132193,-0.52273494,0.332882,0.40719286,NORMAL
1774612730638,7.165082,0.5883803,-0.58124644,0.33685398,0.22774981,NORMAL
1774612731665,6.7758493,0.6097003,-0.6298826,0.30153742,0.18222837,NORMAL
1774612732711,6.5135098,0.5552999,-0.5895797,0.26456788,0.2960073,NORMAL
1774612733734,6.471306,1.1249796,-0.5060855,0.28696862,0.3675314,NORMAL
1774612734757,6.2875834,0.98455065,-0.8294802,0.41531053,0.32087713,NORMAL
1774612735784,5.88935,1.0380911,-0.8348138,0.7234932,0.28152725,NORMAL
1774612736806,5.13201,4.388236,-2.335343,0.97169584,0.44102368,NORMAL
1774612737828,4.3896065,4.0147114,-2.2281961,1.1600811,0.45942083,NORMAL
1774612738855,3.5985641,0.5970165,-1.6853505,0.5839159,0.2962463,NORMAL
1774612739874,3.5985641,2.242704,-1.4613185,0.7009158,0.5559168,NORMAL
1774612740906,3.5985641,0.4989157,-0.89350855,0.30635133,0.29101765,NORMAL
1774612741920,3.5985641,2.4438024,-0.85385555,0.6406085,0.47211462,NORMAL
1774612742927,3.5985641,0.65707016,-0.7198214,0.23126057,0.2073624,NORMAL
1774612743951,3.5985641,0.5038748,-0.7696152,0.20425206,0.4669394,NORMAL
1774612744956,3.5985641,2.6672585,-0.7047602,0.6841081,0.6328434,NORMAL
1774612745979,3.5985641,0.7866696,-0.5663794,0.26701853,0.21629068,NORMAL
1774612747004,3.5985641,0.96040857,-1.0583837,0.42449245,0.0815605,NORMAL
1774612748006,3.5985641,0.43986526,-0.47198394,0.26462844,0.051417418,NORMAL
1774612749029,3.5985641,0.42973235,-0.3902358,0.18688796,0.03702561,NORMAL
1774635015804,0.0,0.035015523,-0.056028903,0.040002126,0.03125594,NORMAL
1774635016811,0.0,1.3539889,-0.29862854,0.27594316,0.07329547,NORMAL
1774635017821,0.0,1.7307969,-1.9749864,0.7724176,0.45412266,NORMAL
1774635018841,0.0,0.43459752,-0.3598377,0.27737924,0.29337376,NORMAL
1774635019855,0.0,4.668256,-3.702017,1.4491628,0.97696304,NORMAL
1774635020864,0.0,5.227278,-5.0715275,1.9315271,1.768433,NORMAL
1774635021872,0.0,5.303677,-5.2807612,1.8078847,2.13725,NORMAL
1774635022871,0.0,4.1878414,-4.9206557,1.7725533,1.402451,NORMAL
1774635041386,0.0,0.9055853,-2.3493385,0.8358633,0.9146936,NORMAL
1774635042383,0.0,7.457849,-4.2562017,1.7523197,2.58163,NORMAL
1774635043405,0.0,5.7360983,-1.165443,1.8241528,0.8778239,NORMAL
1774635044406,0.0,9.133181,-5.020309,3.2348342,1.5964868,NORMAL
1774635179045,0.0,1.5970339,-1.6113305,0.60815185,0.24249792,NORMAL
1774635180067,0.65371263,1.6324792,-1.3737383,0.67442125,0.17848474,NORMAL
1774635181094,4.956335,1.5491467,-1.1418601,0.6134741,0.1312157,NORMAL
1774635182118,7.558554,0.917105,-1.5666221,0.5764694,0.12715454,NORMAL
1774635183119,10.044826,2.531325,-1.224913,0.61183167,0.10960408,NORMAL
1774635184149,12.475362,1.144264,-1.3086419,0.74820536,0.13554558,NORMAL
1774635185169,12.976582,1.6450871,-1.2291198,0.88332635,0.18162932,NORMAL
1774635186171,13.871742,1.3952231,-1.2325926,0.8338313,0.16298507,NORMAL
1774635187191,14.241535,1.0961306,-1.3138652,0.57433444,0.106095605,NORMAL
1774635188220,14.383411,1.060999,-2.3377795,0.71803343,0.20269027,NORMAL
1774635189221,14.462684,1.8344312,-2.028981,0.9197832,0.29333666,NORMAL
1774635190242,14.744776,1.2564014,-1.104944,0.9082977,0.30477387,NORMAL
1774635191274,14.718855,2.3219843,-2.0624673,0.90730286,0.18045032,NORMAL
1774635192293,14.782652,1.7294582,-2.476986,0.98878336,0.16587761,NORMAL
1774635193291,15.623463,1.562509,-2.1991634,0.8721684,0.21190645,NORMAL
1774635194315,15.003425,1.7622136,-5.1937885,0.95938414,0.4090776,NORMAL
1774635195343,15.438269,1.7998716,-1.6776484,0.9744747,0.39966127,NORMAL
1774635196365,13.759049,1.0155202,-1.6141292,0.50812346,0.48581672,NORMAL
1774635197409,12.536186,0.6949249,-0.6868227,0.3048382,0.5380506,NORMAL
1774635198432,11.856121,1.5264491,-1.8152397,0.6116725,0.39829814,NORMAL
1774635199460,11.564222,3.7786362,-2.2514675,1.0809019,0.34128165,NORMAL
1774635200483,12.389133,1.8380723,-1.4187341,0.9880885,0.23311998,NORMAL
1774635201506,17.02557,2.48065,-1.2582504,1.0312355,0.18490836,NORMAL
1774635202516,21.3791,1.6309835,-2.357124,0.77140284,0.19681552,NORMAL
1774635203535,22.552467,2.922574,-5.470577,1.7033523,0.8661802,NORMAL
1774635204534,21.912281,2.8753002,-1.4821385,1.3813411,0.65717006,NORMAL
1774635205549,20.54897,4.3933606,-2.9617946,1.4697242,0.439133,NORMAL
1774635206570,19.212582,2.948217,-4.2052665,1.2950035,0.44575816,NORMAL
1774635207585,21.074749,3.8703382,-2.613049,1.6747447,0.6469294,NORMAL
1774635208605,24.020851,3.8914435,-3.6164474,1.8750747,0.5188191,NORMAL
1774635209639,26.11971,1.3288579,-2.4117267,0.8788637,0.17912021,NORMAL
1774635210661,31.785427,1.4091276,-2.9780796,0.94256693,0.31715277,NORMAL
1774635211692,36.826454,3.2141967,-5.6375103,2.1878936,0.60098714,HARSH_BRAKING
1774635212715,41.93907,3.5525615,-2.7726805,1.4666482,0.366084,NORMAL
1774635213748,46.907448,7.898741,-2.618969,1.7755244,0.49863705,HARSH_ACCELERATION
1774635214769,51.41487,5.185794,-2.9157095,2.0015712,0.57166857,NORMAL
1774635215800,53.658524,3.427653,-3.9964714,1.6489246,0.36781353,NORMAL
1774635216820,53.420715,1.6149118,-3.3817894,1.5432961,0.45915478,NORMAL
1774635217833,51.76603,1.2706795,-1.5811582,1.1502358,0.2328325,NORMAL
1774635218851,48.84362,4.4756913,-2.208434,2.012321,0.55585134,UNSTABLE_RIDE
1774635219879,45.506172,4.0776534,-3.0420947,1.5048757,0.745356,NORMAL
1774635220906,41.617302,2.341896,-2.9613338,1.6425604,0.29763284,NORMAL
1774635221914,38.49198,2.2509084,-4.3865767,1.2646488,0.28637493,NORMAL
1774635222940,35.88239,2.4340785,-2.5169466,1.1714045,0.18863079,NORMAL
1774635223942,34.489433,1.5178854,-1.2741387,0.88821375,0.10078884,NORMAL
1774635224976,34.30166,2.1302645,-1.0969292,0.734283,0.10778067,NORMAL
1774635226008,35.892597,4.922907,-4.912987,1.2860904,0.3269315,NORMAL
1774635227026,35.47476,4.144538,-4.338619,2.0150118,1.630289,UNSTABLE_RIDE
1774635228039,33.539253,2.1512396,-3.559835,1.7127646,0.5661101,NORMAL
1774635229062,31.024353,6.275575,-1.6469828,1.1047467,0.17853528,NORMAL
1774635230099,26.995413,3.2519288,-2.627393,1.3738738,0.20679492,NORMAL
1774635231128,21.626049,2.1077206,-1.6732728,1.1506418,0.26903918,NORMAL
1774635232147,17.20923,0.8316199,-1.1274203,0.6688126,0.25219527,NORMAL
1774635233148,11.391139,1.3866808,-0.44591343,0.6708314,0.21056245,NORMAL
1774635234157,11.391139,0.84245336,-0.8889334,0.32669866,0.09769651,NORMAL
1774635235181,11.391139,0.26679957,-0.22840476,0.10155804,0.03595949,NORMAL
1774635236182,11.391139,0.130986,-0.18604915,0.08836487,0.032298658,NORMAL
1774635237202,11.391139,0.09070916,-0.06692794,0.04748889,0.014876124,NORMAL
1774635262317,0.0,0.2123644,-0.20267895,0.112322204,0.03883702,NORMAL
1774635263351,0.0,0.3986491,-0.27586532,0.2216313,0.053822845,NORMAL
1774635264356,0.0,0.34432644,-0.2115729,0.21832527,0.037589308,NORMAL
1774635265360,0.0,0.1893757,-0.1390329,0.12279097,0.025947679,NORMAL
1774635266380,0.0,1.0430039,-0.057401612,0.30067202,0.1399105,NORMAL
1774635267395,0.9936,1.4802849,-0.7303319,0.27846232,0.6236465,NORMAL
1774635268398,4.0377603,1.0981863,-1.1274854,0.438368,0.81882167,NORMAL
1774635269408,6.1666565,0.64650023,-1.0273893,0.44650245,0.8992269,NORMAL
1774635270420,8.6967945,0.79255104,-0.8833581,0.4260364,0.7944691,NORMAL
1774635271430,12.619677,1.0547354,-1.0676216,0.5529201,0.42033696,NORMAL
1774635272451,15.779806,1.5460422,-1.3565128,0.9967022,0.24408194,NORMAL
1774635273451,21.103085,1.4041033,-3.484397,1.599658,0.32636225,NORMAL
1774635274474,24.28265,1.7546426,-1.335916,0.7754953,0.15033782,NORMAL
1774635275495,29.30079,1.3431996,-1.2692815,0.65851164,0.15269671,NORMAL
1774635276509,33.938873,3.0504,-2.3339026,1.8006904,0.6914941,NORMAL
1774635277546,36.620926,3.5607967,-1.3334355,1.7734355,0.6150898,NORMAL
1774635278561,37.034958,2.251798,-1.419186,0.8640059,0.12482311,NORMAL
1774635279575,36.563377,4.949416,-2.4999151,2.002723,0.6226363,NORMAL
1774635280595,35.632427,4.588092,-3.7649324,2.479586,0.58730596,NORMAL
1774635281611,33.64826,3.0053873,-3.3201528,2.3403401,0.34836093,NORMAL
1774635282649,31.766556,1.6630721,-1.2341841,1.331436,0.29158515,NORMAL
1774635283667,30.147934,5.059839,-4.3563704,2.4039872,0.7860401,NORMAL
1774635284702,28.01036,2.315127,-4.117209,1.9721409,0.49472234,NORMAL
1774635285717,26.007816,0.87959737,-1.0308152,0.55097526,0.14658174,NORMAL
1774635286738,25.310291,1.5269519,-0.9233149,0.63332886,0.18903786,NORMAL
1774635287767,25.438974,1.7292731,-1.3893719,0.6386155,0.14552215,NORMAL
1774635288788,26.063385,1.2998145,-1.891107,0.7342738,0.10835729,NORMAL
1774635289821,26.769232,2.912336,-3.4936566,1.9180595,0.27570093,NORMAL
1774635290850,27.36554,3.425756,-1.7389145,1.7238971,0.23003413,NORMAL
1774635291858,27.521725,5.2865267,-2.5041196,1.4310042,0.37153214,NORMAL
1774635292872,27.601036,1.7591944,-2.123765,1.4033608,0.3541075,NORMAL
1774635293894,27.562223,2.0038333,-2.6403143,1.2240353,0.18694459,NORMAL
1774635294927,27.524536,1.5396817,-2.637052,1.5391495,0.21769598,NORMAL
1774635295944,27.516323,2.9133742,-2.4583688,1.4640545,0.2813248,NORMAL
1774635296954,27.525795,4.264654,-2.421316,1.2802883,0.27684817,NORMAL
1774635297967,27.329878,2.1334517,-3.0106814,1.1501747,0.18965118,NORMAL
1774635298988,26.761639,1.9003162,-1.6680536,0.82887226,0.14945705,NORMAL
1774635300007,26.626583,1.0320221,-2.5781837,0.62703145,0.21987733,NORMAL
1774635301021,26.660751,1.137774,-1.4244198,0.5633212,0.22929841,NORMAL
1774635302046,26.566051,2.0921001,-1.2133744,0.6029179,0.163905,NORMAL
1774635303068,25.63083,1.7163987,-1.3265687,0.7907434,0.14930804,NORMAL
1774635304083,24.407299,1.5574698,-1.7132548,0.5482586,0.12881766,NORMAL
1774635305108,22.67958,1.5914497,-3.9553168,0.91478324,0.20120098,NORMAL
1774635306142,20.64935,4.4446473,-2.5409846,1.6103077,0.620558,NORMAL
1774635307166,18.59601,2.3853807,-0.6915568,1.4430461,0.54483426,NORMAL
1774635308189,17.032806,0.5738165,-0.8088383,0.31922087,0.2671437,NORMAL
1774635309203,15.533285,0.9760474,-0.7387422,0.32696107,0.18643768,NORMAL
1774635310207,14.87837,0.53377277,-0.8406767,0.37234297,0.13472368,NORMAL
1774635311207,14.528624,0.9705734,-0.6532187,0.32535428,0.08231816,NORMAL
1774635312223,14.390775,0.75616115,-0.6907731,0.33041403,0.10645484,NORMAL
1774635313235,14.4808655,0.71235895,-0.6258205,0.31106687,0.13143174,NORMAL
1774635314247,14.117319,0.608711,-0.43356866,0.3134923,0.16746652,NORMAL
1774635315267,12.747192,2.0359628,-1.0738081,0.46263462,0.20315522,NORMAL
1774635316276,10.225916,0.8382765,-0.8867665,0.44552493,0.16677453,NORMAL
1774635317288,6.65395,0.85817164,-0.40673572,0.28228217,0.11042999,NORMAL
1774635318308,6.65395,0.13379967,-0.3161885,0.10495685,0.05133298,NORMAL
1774635319307,3.9923704,0.10071965,-0.10070037,0.056764763,0.054725595,NORMAL
1774635320317,3.9923704,0.11140993,-0.0639107,0.05040283,0.043118037,NORMAL
1774635340325,3.3407998,1.3647604,-0.712839,0.34325132,0.27119574,NORMAL
1774635341339,6.7996798,0.6527547,-0.8774662,0.38098785,0.12516636,NORMAL
1774635342355,9.638208,1.0442561,-0.9484976,0.36832154,0.1231494,NORMAL
1774635343376,12.118925,1.0160011,-1.1977932,0.48300296,0.1881744,NORMAL
1774635344367,15.263355,0.59089607,-1.376045,0.57798123,0.26824728,NORMAL
1774635345386,21.830013,2.0658994,-3.1708689,1.1479627,0.2745716,NORMAL
1774635346415,26.864408,2.0337765,-3.2163854,1.0283681,0.13197064,NORMAL
1774635347442,31.829044,2.4690661,-3.1171114,1.259049,0.15182358,NORMAL
1774635348452,37.342228,2.6042936,-2.606045,1.2323375,0.18231645,NORMAL
1774635349460,40.18934,5.675586,-5.322748,1.7472429,0.20599939,NORMAL
1774635350457,36.051205,1.794361,-5.2108417,1.9800789,0.2874906,NORMAL
1774635351488,29.147524,1.518369,-1.6240555,0.7066958,0.13315561,NORMAL
1774635352514,17.834116,2.9517803,-0.7987882,0.8941622,0.6493753,NORMAL
1774635353514,13.36447,0.7456731,-0.9111676,0.35654923,0.72830206,NORMAL
1774635354535,10.524282,1.5809559,-1.820425,0.6263898,0.82298994,NORMAL
1774635355544,8.84897,1.6427566,-1.6950132,0.6617674,0.796279,NORMAL
1774635356544,7.3829823,1.7335217,-2.121945,0.80083615,0.72531855,NORMAL
1774635357563,7.0361896,1.077459,-1.6906337,0.67961025,0.62005156,NORMAL
1774635358571,6.799314,0.51462376,-0.54870254,0.21572535,0.3053125,NORMAL
1774635359574,5.0875883,1.1366605,-0.31958675,0.26861522,0.12562284,NORMAL
1774635369763,0.0,0.17598075,-0.3306939,0.13026772,0.029696556,NORMAL
1774635370793,0.0,1.8406461,-0.49971727,0.48721445,0.062386353,NORMAL
1774635371815,0.0,1.2564428,-0.8067604,0.52559096,0.286122,NORMAL
1774635372832,5.544,1.6234254,-1.9250844,0.63980407,0.2663008,NORMAL
1774635373861,10.526401,1.5193324,-1.090275,0.5857785,0.3317681,NORMAL
1774635374884,14.53824,0.7429665,-1.5221094,0.5714094,0.617523,NORMAL
1774635375932,19.335743,1.4229153,-1.1096792,0.7503495,0.34540492,NORMAL
1774635376944,24.057446,1.2476209,-1.4646132,0.6019195,0.18381076,NORMAL
1774635377959,29.684069,1.3552436,-1.409658,0.52933353,0.10701049,NORMAL
1774635379006,35.866104,1.7619597,-2.122546,0.7368627,0.103943475,NORMAL
1774635380043,35.127663,1.5461557,-0.82103115,0.7917866,0.104411945,NORMAL
1774635381065,32.0782,1.609804,-0.9294999,0.77850145,0.12688728,NORMAL
1774635382093,28.059723,1.0210994,-1.1211683,0.86326575,0.16426285,NORMAL
1774635383124,23.027836,3.1304214,-2.005307,1.0039468,0.24126992,NORMAL
1774635384137,20.296701,2.7579224,-1.4984708,0.9855033,0.30711284,NORMAL
1774635385168,21.480421,3.630466,-2.2159748,1.2732441,0.23342675,NORMAL
1774635386189,22.565052,3.5922859,-2.2133038,1.2061256,0.22760668,NORMAL
1774635387197,22.783833,2.0928216,-1.3204731,1.108791,0.17178573,NORMAL
1774635388219,23.059101,3.8606122,-4.1168504,1.7867621,0.29116523,NORMAL
1774635389246,23.008263,2.9840622,-6.4330864,1.5802516,0.35186762,NORMAL
1774635390272,24.043358,6.1723742,-6.941177,2.5960152,0.7526152,NORMAL
1774635391290,27.688416,3.7499888,-3.3343582,2.1769464,0.64914924,NORMAL
1774635392314,29.47225,3.6690428,-2.2169814,2.2342,1.0469468,NORMAL
1774635393334,33.20655,2.0334852,-2.1771886,1.2260559,0.29605728,NORMAL
1774635394355,40.429527,2.0107515,-5.752901,1.6121218,0.2508073,NORMAL
1774635395381,44.388916,3.9552727,-4.2189574,2.1717837,0.9162941,NORMAL
1774635396413,48.49255,1.9932472,-1.7366965,1.228476,0.29223323,NORMAL
1774635397441,52.52433,4.46835,-4.2240944,2.0121567,0.60460776,NORMAL
1774635398463,55.9082,4.4287558,-1.9797761,1.8714191,0.5946395,NORMAL
1774635399476,57.06012,3.4235187,-3.0675678,1.3212738,0.30051494,NORMAL
1774635400500,54.56887,1.6712761,-3.1121335,1.2521191,0.29556054,NORMAL
1774635401543,51.216526,2.8939972,-3.5049713,1.0684427,0.29083055,NORMAL
1774635402547,47.361916,2.974393,-4.526965,2.4191067,0.95615107,NORMAL
1774635403559,43.81075,3.213998,-1.3819714,1.7302496,0.58796626,NORMAL
1774635404590,41.406452,2.0937178,-4.159222,1.6842691,0.3981914,NORMAL
1774635405627,41.072674,2.6259542,-3.0455308,1.4906555,0.33497033,NORMAL
1774635406662,42.427605,1.5584661,-1.5990905,1.0551828,0.14653803,NORMAL
1774635407682,44.306164,2.3885293,-6.469994,1.3794936,0.21717106,UNSTABLE_RIDE
1774635408679,45.4765,3.180412,-5.0967093,2.2454946,0.8207659,NORMAL
1774635409713,45.055504,1.8903985,-6.419548,2.24577,0.8301094,NORMAL
1774635410720,42.282906,1.9878694,-3.0762568,1.3023502,0.20726572,NORMAL
1774635411755,37.710545,1.9276819,-3.037968,1.9144475,0.2315156,NORMAL
1774635412788,31.539928,1.670486,-2.5910003,1.3040223,0.1823303,NORMAL
1774635413827,24.525558,0.849633,-1.3878438,0.7066386,0.152906,NORMAL
1774635414845,18.315336,3.0411186,-1.724334,0.57235336,0.16064063,NORMAL
1774635415871,12.472403,1.660098,-0.3069413,0.5203986,0.10726703,NORMAL
1774635416895,12.472403,0.27766928,-0.31763232,0.11332093,0.047481645,NORMAL
1774635430490,0.3312,0.33533937,-0.36560732,0.17345056,0.051117934,NORMAL
1774635431510,0.19872001,0.3612713,-0.6652041,0.15008163,0.048955012,NORMAL
1774635432533,0.11923201,0.34205994,-0.5278936,0.16949408,0.062844895,NORMAL
1774635433554,0.07153921,0.164515,-0.23722664,0.106064245,0.034591347,NORMAL
1774635434583,0.07153921,0.08702675,-0.07506286,0.0936985,0.01533796,NORMAL
1774635435583,0.042923525,0.07264985,-0.09510481,0.0954406,0.014918229,NORMAL
1774635436606,0.042923525,0.07998717,-0.091438964,0.082205065,0.009143799,NORMAL
1774635437638,0.042923525,0.090733685,-0.25682974,0.06972107,0.008834037,NORMAL
1774635438658,0.025754116,0.26877242,-0.25870115,0.106570564,0.021734845,NORMAL
1774635439658,0.025754116,1.3856517,-1.1295307,0.41502213,0.53246945,NORMAL
1774635440690,2.5066524,0.67231226,-1.0636019,0.30867592,0.99936837,NORMAL
1774635441710,5.4783916,0.82304746,-0.883903,0.49977148,0.8962652,NORMAL
1774635442731,7.304635,0.75187176,-1.229062,0.4946116,0.7673773,NORMAL
1774635443752,10.056381,0.744725,-1.7615938,0.5584317,0.33993343,NORMAL
1774635444785,12.931429,1.7165216,-0.91598266,0.49872455,0.21304274,NORMAL
1774635445804,15.981257,1.2253981,-1.4923791,0.5349481,0.2913349,NORMAL
1774635446803,19.683155,1.4977629,-2.6121469,1.1488874,0.34634915,NORMAL
1774635447834,24.352293,1.4333265,-1.5826323,0.7104977,0.20427898,NORMAL
1774635448850,28.896175,1.3316698,-1.4656215,0.6797641,0.2071494,NORMAL
1774635449844,33.724907,2.262661,-2.0052314,1.2416023,0.2584513,NORMAL
1774635450864,38.494144,2.7577612,-2.5245328,1.7670932,0.39902693,NORMAL
1774635451886,41.139687,2.7208552,-4.507199,1.7738982,0.687075,NORMAL
1774635452887,42.079014,6.039547,-6.7369795,2.3775246,1.1522716,HARSH_ACCELERATION
1774635453890,41.57701,5.216653,-7.0663986,2.2218335,0.53981143,NORMAL
1774635454915,40.09501,7.8144693,-2.4304678,2.5155492,0.7420323,HARSH_ACCELERATION
1774635455954,38.12581,2.7606373,-2.0098593,2.3547833,0.98555195,NORMAL
1774635456983,37.727215,1.0492852,-0.9124014,0.8094719,0.23152831,NORMAL
1774635458004,39.90193,3.5782256,-3.623111,1.7938869,0.29747415,NORMAL
1774635459045,43.00676,2.9872015,-4.127131,2.0497518,0.68523264,UNSTABLE_RIDE
1774635460072,47.620056,2.9859529,-2.6234064,1.4339513,0.42652234,NORMAL
1774635461108,51.828033,5.1399884,-4.2940607,1.8802941,0.641203,UNSTABLE_RIDE
1774635462130,55.43282,3.407762,-1.9867558,1.7000881,0.38917086,NORMAL
1774635463150,56.386093,1.8101208,-6.307294,1.9810135,0.57167006,HARSH_BRAKING
1774635464173,54.65406,2.895674,-5.5049043,2.2271318,0.6860351,NORMAL
1774635465219,51.35404,1.9167395,-4.491026,1.0673765,0.1537457,NORMAL
1774635466247,46.335625,4.1857586,-2.986382,2.077965,0.83347696,UNSTABLE_RIDE
1774635467244,40.401375,6.9848084,-2.7366867,2.1440663,0.81201506,NORMAL
1774635468287,34.752827,4.9979,-5.01935,2.419508,0.97973764,UNSTABLE_RIDE
1774635469294,30.168495,4.1636715,-4.283295,1.8093661,0.52116174,NORMAL
1774635470316,27.446697,1.3215773,-1.5213133,0.5737415,0.22697097,NORMAL
1774635471344,26.37522,1.1365715,-1.4443059,0.69066226,0.25420907,NORMAL
1774635472357,26.07793,0.6962806,-1.1993477,0.5951888,0.18297899,NORMAL
1774635473371,24.92036,1.1717756,-1.0794448,0.53312325,0.14908762,NORMAL
1774635474389,21.475418,1.640605,-4.594164,0.88867867,0.21600167,NORMAL
1774635475410,16.902851,4.78891,-3.4015377,1.3151722,0.33870536,NORMAL
1774635476432,13.496911,2.9096818,-1.6301465,0.78105956,0.27965933,NORMAL
1774635477458,11.424547,0.6600916,-0.9815613,0.31299174,0.3528389,NORMAL
1774635478476,11.246729,2.5842366,-3.0517066,1.1326097,0.7128852,NORMAL
1774635479510,11.730438,2.706744,-2.5877962,1.090402,0.38665262,NORMAL
1774635480521,12.5966625,2.2190444,-1.2219131,0.8162627,0.21929231,NORMAL
1774635481551,14.873198,1.5267366,-3.1042516,0.9322849,0.29578137,NORMAL
1774635482580,16.49832,1.7114744,-2.1094668,0.8800978,0.3171592,NORMAL
1774635483598,17.559793,1.8375008,-4.45322,1.5964127,0.26030403,NORMAL
1774635484637,18.340675,2.0482042,-4.4423065,1.6575522,0.30378833,NORMAL
1774635485657,19.414005,1.4956208,-1.4934297,1.0399032,0.19134301,NORMAL
1774635486679,20.475603,3.4120936,-3.0979059,1.0793952,0.22549474,NORMAL
1774635487685,21.832561,1.8020331,-1.0183601,1.1649017,0.19445902,NORMAL
1774635488681,23.136337,1.9073347,-2.2903318,1.3134602,0.15468994,NORMAL
1774635489722,23.213001,1.8520622,-0.9944153,0.87812054,0.1599784,NORMAL
1774635490744,21.876602,2.8092146,-2.6334243,1.2959791,0.17946494,NORMAL
1774635491768,19.634762,1.5150803,-2.5896645,1.0010914,0.17218506,NORMAL
1774635492795,16.878456,0.87619376,-0.71793824,0.55574566,0.19990776,NORMAL
1774635493812,13.626274,0.66251636,-1.1429956,0.44939685,0.2315343,NORMAL
1774635494838,10.839766,0.7394345,-0.8826376,0.4193681,0.22689004,NORMAL
1774635495860,8.41906,0.8283118,-0.6338407,0.28176346,0.27940032,NORMAL
1774635496881,6.505836,0.8409789,-1.3190502,0.351177,0.25634772,NORMAL
1774635497908,4.897102,1.1412969,-1.0719147,0.3814978,0.35000816,NORMAL
1774635498936,4.897102,0.29530266,-0.51894176,0.21563576,0.19027936,NORMAL
1774635499952,4.897102,0.40805376,-0.2631667,0.1581683,0.2135618,NORMAL
1774635500957,4.897102,0.4367415,-0.60353184,0.20439462,0.39109966,NORMAL
1774635501994,2.9382613,0.18612209,-0.15526856,0.07665898,0.078075506,NORMAL
1774635503012,2.9382613,0.3895391,-0.30689812,0.13432425,0.11814468,NORMAL
1774635504012,2.9382613,0.8067289,-0.6097298,0.2574546,0.48447722,NORMAL
1774635505040,2.9382613,1.8240029,-1.2530102,0.5233652,0.88665354,NORMAL
1774635506060,2.9382613,2.1215694,-0.5399051,0.5504717,0.30325827,NORMAL
1774635507065,2.9382613,1.7817513,-2.4314027,1.1798067,0.4967982,NORMAL
1774635508084,2.9382613,0.9135947,-0.929152,0.34280238,0.055128574,NORMAL
1774635509115,2.9382613,0.35877955,-0.403622,0.14387147,0.038516656,NORMAL
1774635510135,2.9382613,0.08172189,-0.10415744,0.050073806,0.030519107,NORMAL
1774635511159,2.9382613,1.4535217,-0.6127001,0.46098983,0.06768783,NORMAL
1774635512184,2.9382613,1.4497119,-0.9731984,0.5550725,0.08104103,NORMAL
1774635513212,2.9382613,0.7362112,-1.1745585,0.33432126,0.14775598,NORMAL
1774635514232,2.9382613,1.5250337,-2.2763448,0.9265053,0.45240822,NORMAL
1774635515233,2.9382613,1.7344776,-1.759121,0.79841864,0.2234545,NORMAL
1774635516255,2.9382613,1.6285323,-0.756132,0.62868273,0.2303715,NORMAL
1774635517280,2.9382613,1.0295997,-0.8179436,0.44287834,0.16162086,NORMAL
1774635518284,2.9382613,0.77929354,-0.80448586,0.30549014,0.036095448,NORMAL
1774635519310,2.9382613,0.10333927,-0.0799074,0.06314942,0.014329781,NORMAL
1774635520332,2.9382613,0.0961438,-0.06569924,0.042268142,0.019083047,NORMAL
1774635521338,2.9382613,0.3737759,-0.7221959,0.33415696,0.110161304,NORMAL
1774635522367,2.9382613,1.388024,-0.7430498,0.4810628,0.20538469,NORMAL
1774635523386,2.9382613,1.2873651,-0.918917,0.4271811,0.1452663,NORMAL
1774635524413,2.9382613,1.6807543,-1.2132449,0.57082593,0.1197754,NORMAL
1774635525430,2.9382613,1.1176586,-0.64561015,0.36505848,0.05941505,NORMAL
1774635526456,1.7629569,0.2562512,-0.33244833,0.10633822,0.014497725,NORMAL
1774635527488,1.7629569,0.07591982,-0.07859887,0.041210942,0.005473106,NORMAL
1774635528506,1.7629569,0.016328407,-0.019085856,0.0155581655,0.0025077981,NORMAL
1774635529526,1.7629569,0.18413392,-0.49074438,0.37462404,0.08471577,NORMAL
1774635530546,1.7629569,3.1254356,-2.5644677,1.221505,0.5598951,NORMAL
1774635531578,1.7629569,3.3135703,-1.9163282,1.0053772,2.1161907,NORMAL
